#
# There is insufficient memory for the Java Runtime Environment to continue.
# Native memory allocation (mmap) failed to map 171966464 bytes. Error detail: G1 virtual space
# Possible reasons:
#   The system is out of physical RAM or swap space
#   This process is running with CompressedOops enabled, and the Java Heap may be blocking the growth of the native heap
# Possible solutions:
#   Reduce memory load on the system
#   Increase physical memory or swap space
#   Check if swap backing store is full
#   Decrease Java heap size (-Xmx/-Xms)
#   Decrease number of Java threads
#   Decrease Java thread stack sizes (-Xss)
#   Set larger code cache with -XX:ReservedCodeCacheSize=
#   JVM is running with Zero Based Compressed Oops mode in which the Java heap is
#     placed in the first 32GB address space. The Java Heap base address is the
#     maximum limit for the native heap growth. Please use -XX:HeapBaseMinAddress
#     to set the Java Heap base and to place the Java Heap above 32GB virtual address.
# This output file may be truncated or incomplete.
#
#  Out of Memory Error (os_windows.cpp:3583), pid=17664, tid=20076
#
# JRE version: Java(TM) SE Runtime Environment (26.0.1+8) (build 26.0.1+8-34)
# Java VM: Java HotSpot(TM) 64-Bit Server VM (26.0.1+8-34, mixed mode, emulated-client, sharing, tiered, compressed oops, compressed class ptrs, g1 gc, windows-amd64)
# No core dump will be written. Minidumps are not enabled by default on client versions of Windows
#

---------------  S U M M A R Y ------------

Command Line: -XX:TieredStopAtLevel=1 -Dspring.output.ansi.enabled=always -javaagent:C:\Program Files\JetBrains\IntelliJ IDEA 2026.1.1\lib\idea_rt.jar=48230 -Dfile.encoding=UTF-8 -Dsun.stdout.encoding=UTF-8 -Dsun.stderr.encoding=UTF-8 com.jemigraph.jemigraph_backend.JemigraphBackendApplication

Host: 11th Gen Intel(R) Core(TM) i7-1185G7 @ 3.00GHz, 8 cores, 15G,  Windows 11 , 64 bit Build 26100 (10.0.26100.9168)
Time: Wed Sep  9 11:59:57 2026 E. Africa Standard Time elapsed time: 300261.128450 seconds (3d 11h 24m 21s)

---------------  T H R E A D  ---------------

Current thread (0x000001b06c6409e0):  VMThread "VM Thread"          [id=20076, stack(0x0000002011f00000,0x0000002012000000) (1024K)]

Stack: [0x0000002011f00000,0x0000002012000000]
Native frames: (J=compiled Java code, j=interpreted, Vv=VM code, C=native code)
V  [jvm.dll+0x7d5879]  (no source info available)
V  [jvm.dll+0x7a37dd]  (no source info available)
V  [jvm.dll+0x9b0c10]  (no source info available)
V  [jvm.dll+0x9b3061]  (no source info available)
V  [jvm.dll+0x9b3773]  (no source info available)
V  [jvm.dll+0x30df76]  (no source info available)
V  [jvm.dll+0x7d4d45]  (no source info available)
V  [jvm.dll+0x7c7f07]  (no source info available)
V  [jvm.dll+0x4087e8]  (no source info available)
V  [jvm.dll+0x410b56]  (no source info available)
V  [jvm.dll+0x3fcef4]  (no source info available)
V  [jvm.dll+0x3fd1e5]  (no source info available)
V  [jvm.dll+0x3d3b6f]  (no source info available)
V  [jvm.dll+0x3d6ddc]  (no source info available)
V  [jvm.dll+0x4223ec]  (no source info available)
V  [jvm.dll+0x420d33]  (no source info available)
V  [jvm.dll+0x3d3308]  (no source info available)
V  [jvm.dll+0x4200f3]  (no source info available)
V  [jvm.dll+0x9b9c21]  (no source info available)
V  [jvm.dll+0x9babeb]  (no source info available)
V  [jvm.dll+0x9bb0fc]  (no source info available)
V  [jvm.dll+0x9bb579]  (no source info available)
V  [jvm.dll+0x9bb823]  (no source info available)
V  [jvm.dll+0x94f649]  (no source info available)
V  [jvm.dll+0x7d7358]  (no source info available)
C  [ucrtbase.dll+0x2cd30]  (no source info available)
C  [KERNEL32.DLL+0x2ccb7]  (no source info available)
C  [ntdll.dll+0xaad6c]  (no source info available)

VM_Operation (0x00000020141fe628): G1CollectForAllocation, mode: safepoint, requested by thread 0x000001b07948ab10


---------------  P R O C E S S  ---------------

Threads class SMR info:
_java_thread_list=0x000001b079b239a0, length=57, elements={
0x000001b06c6503b0, 0x000001b06c650e00, 0x000001b06c6548a0, 0x000001b06c656460,
0x000001b06c657010, 0x000001b06c65fbd0, 0x000001b06c665580, 0x000001b06c7ed630,
0x000001b0716810c0, 0x000001b071681c80, 0x000001b072741780, 0x000001b072742720,
0x000001b072743e90, 0x000001b0727465a0, 0x000001b072745dd0, 0x000001b0790b37b0,
0x000001b0790b2040, 0x000001b0790b3f80, 0x000001b07948ab10, 0x000001b0794893a0,
0x000001b079489b70, 0x000001b07948c280, 0x000001b07948d220, 0x000001b07948e1c0,
0x000001b07948d9f0, 0x000001b07948e990, 0x000001b07948b2e0, 0x000001b07948f930,
0x000001b071a3baf0, 0x000001b071a3ca90, 0x000001b06c7137d0, 0x000001b06c715710,
0x000001b06c712060, 0x000001b06c712830, 0x000001b06c713000, 0x000001b06c718dc0,
0x000001b06c716e80, 0x000001b06c717650, 0x000001b072742ef0, 0x000001b079dd3600,
0x000001b079dd3dd0, 0x000001b079dd45a0, 0x000001b079dd4d70, 0x000001b06c65ca30,
0x000001b0799fd0c0, 0x000001b0799fe830, 0x000001b079a045f0, 0x000001b079a01ee0,
0x000001b06c7fdc30, 0x000001b06c7fad50, 0x000001b072740010, 0x000001b0797e8060,
0x000001b0797e9fa0, 0x000001b0797ea770, 0x000001b0797e97d0, 0x000001b07a3bd410,
0x000001b07a3bb4d0
}

Java Threads: ( => current thread )
  0x000001b06c6503b0 JavaThread "Reference Handler"          daemon [_thread_blocked, id=18720, stack(0x0000002012000000,0x0000002012100000) (1024K)]
  0x000001b06c650e00 JavaThread "Finalizer"                  daemon [_thread_blocked, id=35972, stack(0x0000002012100000,0x0000002012200000) (1024K)]
  0x000001b06c6548a0 JavaThread "Signal Dispatcher"          daemon [_thread_blocked, id=420, stack(0x0000002012200000,0x0000002012300000) (1024K)]
  0x000001b06c656460 JavaThread "Attach Listener"            daemon [_thread_blocked, id=41676, stack(0x0000002012300000,0x0000002012400000) (1024K)]
  0x000001b06c657010 JavaThread "Service Thread"             daemon [_thread_blocked, id=46364, stack(0x0000002012400000,0x0000002012500000) (1024K)]
  0x000001b06c65fbd0 JavaThread "Monitor Deflation Thread"   daemon [_thread_blocked, id=46796, stack(0x0000002012500000,0x0000002012600000) (1024K)]
  0x000001b06c665580 JavaThread "C1 CompilerThread0"         daemon [_thread_blocked, id=22204, stack(0x0000002012600000,0x0000002012700000) (1024K)]
  0x000001b06c7ed630 JavaThread "Common-Cleaner"             daemon [_thread_blocked, id=6644, stack(0x0000002012800000,0x0000002012900000) (1024K)]
  0x000001b0716810c0 JavaThread "Monitor Ctrl-Break"         daemon [_thread_in_native, id=13392, stack(0x0000002012b00000,0x0000002012c00000) (1024K)]
  0x000001b071681c80 JavaThread "Notification Thread"        daemon [_thread_blocked, id=23876, stack(0x0000002012c00000,0x0000002012d00000) (1024K)]
  0x000001b072741780 JavaThread "Cleaner-0"                  daemon [_thread_blocked, id=27688, stack(0x0000002013800000,0x0000002013900000) (1024K)]
  0x000001b072742720 JavaThread "HikariPool-1:housekeeper"   daemon [_thread_blocked, id=9892, stack(0x0000002013900000,0x0000002013a00000) (1024K)]
  0x000001b072743e90 JavaThread "Catalina-utility-1"                [_thread_blocked, id=35948, stack(0x0000002013b00000,0x0000002013c00000) (1024K)]
  0x000001b0727465a0 JavaThread "Catalina-utility-2"                [_thread_blocked, id=18052, stack(0x0000002013c00000,0x0000002013d00000) (1024K)]
  0x000001b072745dd0 JavaThread "container-0"                       [_thread_blocked, id=37080, stack(0x0000002013d00000,0x0000002013e00000) (1024K)]
  0x000001b0790b37b0 JavaThread "Jndi-Dns-address-change-listener" daemon [_thread_in_native, id=10064, stack(0x0000002013e00000,0x0000002013f00000) (1024K)]
  0x000001b0790b2040 JavaThread "lettuce-eventExecutorLoop-1-1" daemon [_thread_blocked, id=6720, stack(0x0000002013f00000,0x0000002014000000) (1024K)]
  0x000001b0790b3f80 JavaThread "lettuce-timer-3-1"          daemon [_thread_blocked, id=17332, stack(0x0000002014000000,0x0000002014100000) (1024K)]
  0x000001b07948ab10 JavaThread "File Watcher"               daemon [_thread_blocked, id=26332, stack(0x0000002014100000,0x0000002014200000) (1024K)]
  0x000001b0794893a0 JavaThread "MessageBroker-1"                   [_thread_blocked, id=22040, stack(0x0000002014200000,0x0000002014300000) (1024K)]
  0x000001b079489b70 JavaThread "http-nio-0.0.0.0-8080-exec-1" daemon [_thread_blocked, id=14320, stack(0x0000002014300000,0x0000002014400000) (1024K)]
  0x000001b07948c280 JavaThread "http-nio-0.0.0.0-8080-exec-2" daemon [_thread_blocked, id=26848, stack(0x0000002014400000,0x0000002014500000) (1024K)]
  0x000001b07948d220 JavaThread "http-nio-0.0.0.0-8080-exec-3" daemon [_thread_blocked, id=30788, stack(0x0000002014500000,0x0000002014600000) (1024K)]
  0x000001b07948e1c0 JavaThread "http-nio-0.0.0.0-8080-exec-4" daemon [_thread_blocked, id=32432, stack(0x0000002014600000,0x0000002014700000) (1024K)]
  0x000001b07948d9f0 JavaThread "http-nio-0.0.0.0-8080-exec-5" daemon [_thread_blocked, id=33220, stack(0x0000002014700000,0x0000002014800000) (1024K)]
  0x000001b07948e990 JavaThread "http-nio-0.0.0.0-8080-exec-6" daemon [_thread_blocked, id=23116, stack(0x0000002014800000,0x0000002014900000) (1024K)]
  0x000001b07948b2e0 JavaThread "http-nio-0.0.0.0-8080-exec-7" daemon [_thread_blocked, id=17512, stack(0x0000002014900000,0x0000002014a00000) (1024K)]
  0x000001b07948f930 JavaThread "http-nio-0.0.0.0-8080-exec-8" daemon [_thread_blocked, id=46716, stack(0x0000002014a00000,0x0000002014b00000) (1024K)]
  0x000001b071a3baf0 JavaThread "http-nio-0.0.0.0-8080-exec-9" daemon [_thread_blocked, id=34060, stack(0x0000002014b00000,0x0000002014c00000) (1024K)]
  0x000001b071a3ca90 JavaThread "http-nio-0.0.0.0-8080-exec-10" daemon [_thread_blocked, id=46764, stack(0x0000002014c00000,0x0000002014d00000) (1024K)]
  0x000001b06c7137d0 JavaThread "http-nio-0.0.0.0-8080-Poller" daemon [_thread_blocked, id=15436, stack(0x0000002014d00000,0x0000002014e00000) (1024K)]
  0x000001b06c715710 JavaThread "http-nio-0.0.0.0-8080-Acceptor" daemon [_thread_in_native, id=22372, stack(0x0000002014e00000,0x0000002014f00000) (1024K)]
  0x000001b06c712060 JavaThread "InnocuousThread-1"          daemon [_thread_blocked, id=30756, stack(0x0000002014f00000,0x0000002015000000) (1024K)]
  0x000001b06c712830 JavaThread "lettuce-nioEventLoop-4-1"   daemon [_thread_in_native, id=39428, stack(0x0000002013a00000,0x0000002013b00000) (1024K)]
  0x000001b06c713000 JavaThread "lettuce-nioEventLoop-4-2"   daemon [_thread_in_native, id=7576, stack(0x0000002015000000,0x0000002015100000) (1024K)]
  0x000001b06c718dc0 JavaThread "MessageBroker-2"                   [_thread_blocked, id=26196, stack(0x0000002015100000,0x0000002015200000) (1024K)]
  0x000001b06c716e80 JavaThread "MessageBroker-3"                   [_thread_blocked, id=14468, stack(0x0000002015200000,0x0000002015300000) (1024K)]
  0x000001b06c717650 JavaThread "MessageBroker-4"                   [_thread_blocked, id=14604, stack(0x0000002015300000,0x0000002015400000) (1024K)]
  0x000001b072742ef0 JavaThread "MessageBroker-5"                   [_thread_blocked, id=4336, stack(0x0000002015400000,0x0000002015500000) (1024K)]
  0x000001b079dd3600 JavaThread "MessageBroker-6"                   [_thread_blocked, id=46124, stack(0x0000002015500000,0x0000002015600000) (1024K)]
  0x000001b079dd3dd0 JavaThread "MessageBroker-7"                   [_thread_blocked, id=36144, stack(0x0000002015600000,0x0000002015700000) (1024K)]
  0x000001b079dd45a0 JavaThread "DestroyJavaVM"                     [_thread_blocked, id=13664, stack(0x0000002011700000,0x0000002011800000) (1024K)]
  0x000001b079dd4d70 JavaThread "MessageBroker-8"                   [_thread_blocked, id=33292, stack(0x0000002011500000,0x0000002011600000) (1024K)]
  0x000001b06c65ca30 JavaThread "Java2D Disposer"            daemon [_thread_blocked, id=43760, stack(0x0000002011600000,0x0000002011700000) (1024K)]
  0x000001b0799fd0c0 JavaThread "lettuce-eventExecutorLoop-1-2" daemon [_thread_blocked, id=8524, stack(0x0000002011400000,0x0000002011500000) (1024K)]
  0x000001b0799fe830 JavaThread "lettuce-eventExecutorLoop-1-3" daemon [_thread_blocked, id=38836, stack(0x0000002012700000,0x0000002012800000) (1024K)]
  0x000001b079a045f0 JavaThread "lettuce-nioEventLoop-4-3"   daemon [_thread_in_native, id=44356, stack(0x0000002012f00000,0x0000002013000000) (1024K)]
  0x000001b079a01ee0 JavaThread "lettuce-nioEventLoop-4-4"   daemon [_thread_in_native, id=36660, stack(0x0000002013000000,0x0000002013100000) (1024K)]
  0x000001b06c7fdc30 JavaThread "lettuce-eventExecutorLoop-1-4" daemon [_thread_blocked, id=53484, stack(0x0000002013100000,0x0000002013200000) (1024K)]
  0x000001b06c7fad50 JavaThread "lettuce-eventExecutorLoop-1-5" daemon [_thread_blocked, id=42252, stack(0x0000002013500000,0x0000002013600000) (1024K)]
  0x000001b072740010 JavaThread "lettuce-nioEventLoop-4-5"   daemon [_thread_in_native, id=29940, stack(0x0000002015700000,0x0000002015800000) (1024K)]
  0x000001b0797e8060 JavaThread "lettuce-nioEventLoop-4-6"   daemon [_thread_in_native, id=13408, stack(0x0000002015800000,0x0000002015900000) (1024K)]
  0x000001b0797e9fa0 JavaThread "lettuce-eventExecutorLoop-1-6" daemon [_thread_blocked, id=11144, stack(0x0000002015900000,0x0000002015a00000) (1024K)]
  0x000001b0797ea770 JavaThread "lettuce-eventExecutorLoop-1-7" daemon [_thread_blocked, id=17640, stack(0x0000002015a00000,0x0000002015b00000) (1024K)]
  0x000001b0797e97d0 JavaThread "lettuce-nioEventLoop-4-7"   daemon [_thread_in_native, id=44064, stack(0x0000002015b00000,0x0000002015c00000) (1024K)]
  0x000001b07a3bd410 JavaThread "lettuce-nioEventLoop-4-8"   daemon [_thread_in_native, id=42792, stack(0x0000002015c00000,0x0000002015d00000) (1024K)]
  0x000001b07a3bb4d0 JavaThread "lettuce-eventExecutorLoop-1-8" daemon [_thread_blocked, id=52528, stack(0x0000002015d00000,0x0000002015e00000) (1024K)]
Total: 57

Other Threads:
=>0x000001b06c6409e0 VMThread "VM Thread"                           [id=20076, stack(0x0000002011f00000,0x0000002012000000) (1024K)]
  0x000001b06c630e70 WatcherThread "VM Periodic Task Thread"        [id=36160, stack(0x0000002011e00000,0x0000002011f00000) (1024K)]
  0x000001b0568477f0 WorkerThread "GC Thread#0"                     [id=15660, stack(0x0000002011800000,0x0000002011900000) (1024K)]
  0x000001b06ca295f0 WorkerThread "GC Thread#1"                     [id=26040, stack(0x0000002012900000,0x0000002012a00000) (1024K)]
  0x000001b07131da00 WorkerThread "GC Thread#2"                     [id=42512, stack(0x0000002012e00000,0x0000002012f00000) (1024K)]
  0x000001b07131de50 WorkerThread "GC Thread#3"                     [id=28156, stack(0x0000002013200000,0x0000002013300000) (1024K)]
  0x000001b07131eb40 WorkerThread "GC Thread#4"                     [id=38288, stack(0x0000002013300000,0x0000002013400000) (1024K)]
  0x000001b07131e2a0 WorkerThread "GC Thread#5"                     [id=20456, stack(0x0000002013400000,0x0000002013500000) (1024K)]
  0x000001b07222b2d0 WorkerThread "GC Thread#6"                     [id=37992, stack(0x0000002013600000,0x0000002013700000) (1024K)]
  0x000001b07222a190 WorkerThread "GC Thread#7"                     [id=5048, stack(0x0000002013700000,0x0000002013800000) (1024K)]
  0x000001b0564bdea0 ConcurrentGCThread "G1 Main Marker"            [id=31700, stack(0x0000002011900000,0x0000002011a00000) (1024K)]
  0x000001b0564bea20 WorkerThread "G1 Conc#0"                       [id=46944, stack(0x0000002011a00000,0x0000002011b00000) (1024K)]
  0x000001b07131e6f0 WorkerThread "G1 Conc#1"                       [id=6568, stack(0x0000002012a00000,0x0000002012b00000) (1024K)]
  0x000001b06c4f5de0 WorkerThread "G1 Refinement Workers#0"         [id=18908, stack(0x0000002011c00000,0x0000002011d00000) (1024K)]
  0x000001b06c4f3810 ConcurrentGCThread "G1 Refine Control"         [id=26604, stack(0x0000002011b00000,0x0000002011c00000) (1024K)]
  0x000001b06c4fe760 ConcurrentGCThread "G1 Service"                [id=40468, stack(0x0000002011d00000,0x0000002011e00000) (1024K)]
Total: 16

Threads with active compile tasks:
Total: 0

VM state: at safepoint (normal execution)

VM Mutex/Monitor currently owned by a thread:  ([mutex/lock_event])
[0x00007fff460ced08] Threads_lock - owner thread: 0x000001b06c6409e0
[0x00007fff460cef88] Heap_lock - owner thread: 0x000001b07948ab10

Heap address: 0x0000000704e00000, size: 4018 MB, Compressed Oops mode: Zero based, Oop shift amount: 3

CDS archive(s) mapped at: [0x0000000085000000-0x0000000085de0000-0x0000000085de0000), size 14548992, SharedBaseAddress: 0x0000000085000000, ArchiveRelocationMode: 1.
Compressed class space mapped at: 0x0000000086000000-0x00000000c6000000, reserved size: 1073741824
UseCompressedClassPointers 1, UseCompactObjectHeaders 0
Narrow klass pointer bits 32, Max shift 3
Narrow klass base: 0x0000000085000000, Narrow klass shift: 0
Encoding Range: [0x0000000085000000 - 0x0000000185000000), (4294967296 bytes)
Klass Range:    [0x0000000085000000 - 0x00000000c6000000), (1090519040 bytes)
Klass ID Range:  [8 - 1090519033) (1090519025)
Protection zone: [0x0000000085000000 - 0x0000000085010000), (65536 bytes)

GC Precious Log:
 CardTable entry size: 512
 Card Set container configuration: InlinePtr #cards 4 size 8 Array Of Cards #cards 16 size 48 Howl #buckets 8 coarsen threshold 3686 Howl Bitmap #cards 512 size 80 coarsen threshold 460 Card regions per heap region 1 cards per card region 4096
 CPUs: 8 total, 8 available
 Memory: 16064M
 Large Page Support: Disabled
 NUMA Support: Disabled
 Compressed Oops: Enabled (Zero based)
 Heap Region Size: 2M
 Heap Min Capacity: 8M
 Heap Initial Capacity: 8M
 Heap Max Capacity: 4018M
 Pre-touch: Disabled
 Parallel Workers: 8
 Concurrent Workers: 2
 Concurrent Refinement Workers: 8
 Periodic GC: Disabled

Heap:
 garbage-first heap   total reserved 4114432K, committed 83968K, used 73017K [0x0000000704e00000, 0x0000000800000000)
  region size 2M, 0 eden (0M), 1 survivor (2M), 36 old (72M), 0 humongous (0M), 4 free (8M)

Heap Regions: E=young(eden), S=young(survivor), O=old, HS=humongous(starts), HC=humongous(continues), CS=collection set, F=free, TAMS=top-at-mark-start, PB=parsable bottom
|    0|0x0000000704e00000, 0x0000000705000000, 0x0000000705000000|100%| O|  |TAMS 0x0000000705000000| PB 0x0000000704e00000| Untracked |  0
|    1|0x0000000705000000, 0x0000000705200000, 0x0000000705200000|100%| O|  |TAMS 0x0000000705200000| PB 0x0000000705000000| Untracked |  0
|    2|0x0000000705200000, 0x0000000705400000, 0x0000000705400000|100%| O|  |TAMS 0x0000000705400000| PB 0x0000000705200000| Untracked |  0
|    3|0x0000000705400000, 0x0000000705600000, 0x0000000705600000|100%| O|  |TAMS 0x0000000705600000| PB 0x0000000705400000| Untracked |  0
|    4|0x0000000705600000, 0x0000000705600000, 0x0000000705800000|  0%| F|  |TAMS 0x0000000705600000| PB 0x0000000705600000| Untracked |  0
|    5|0x0000000705800000, 0x0000000705a00000, 0x0000000705a00000|100%| O|  |TAMS 0x0000000705a00000| PB 0x0000000705800000| Untracked |  0
|    6|0x0000000705a00000, 0x0000000705c00000, 0x0000000705c00000|100%| O|  |TAMS 0x0000000705c00000| PB 0x0000000705a00000| Untracked |  0
|    7|0x0000000705c00000, 0x0000000705e00000, 0x0000000705e00000|100%| O|  |TAMS 0x0000000705e00000| PB 0x0000000705c00000| Untracked |  0
|    8|0x0000000705e00000, 0x0000000706000000, 0x0000000706000000|100%| O|  |TAMS 0x0000000706000000| PB 0x0000000705e00000| Untracked |  0
|    9|0x0000000706000000, 0x0000000706200000, 0x0000000706200000|100%| O|  |TAMS 0x0000000706200000| PB 0x0000000706000000| Untracked |  0
|   10|0x0000000706200000, 0x0000000706400000, 0x0000000706400000|100%| O|  |TAMS 0x0000000706400000| PB 0x0000000706200000| Untracked |  0
|   11|0x0000000706400000, 0x0000000706600000, 0x0000000706600000|100%| O|  |TAMS 0x0000000706600000| PB 0x0000000706400000| Untracked |  0
|   12|0x0000000706600000, 0x0000000706800000, 0x0000000706800000|100%| O|  |TAMS 0x0000000706800000| PB 0x0000000706600000| Untracked |  0
|   13|0x0000000706800000, 0x0000000706a00000, 0x0000000706a00000|100%| O|  |TAMS 0x0000000706a00000| PB 0x0000000706800000| Untracked |  0
|   14|0x0000000706a00000, 0x0000000706c00000, 0x0000000706c00000|100%| O|  |TAMS 0x0000000706c00000| PB 0x0000000706a00000| Untracked |  0
|   15|0x0000000706c00000, 0x0000000706e00000, 0x0000000706e00000|100%| O|  |TAMS 0x0000000706e00000| PB 0x0000000706c00000| Untracked |  0
|   16|0x0000000706e00000, 0x0000000707000000, 0x0000000707000000|100%| O|  |TAMS 0x0000000707000000| PB 0x0000000706e00000| Untracked |  0
|   17|0x0000000707000000, 0x0000000707200000, 0x0000000707200000|100%| O|  |TAMS 0x0000000707200000| PB 0x0000000707000000| Untracked |  0
|   18|0x0000000707200000, 0x0000000707400000, 0x0000000707400000|100%| O|  |TAMS 0x0000000707400000| PB 0x0000000707200000| Untracked |  0
|   19|0x0000000707400000, 0x0000000707400000, 0x0000000707600000|  0%| F|  |TAMS 0x0000000707400000| PB 0x0000000707400000| Untracked |  0
|   20|0x0000000707600000, 0x0000000707800000, 0x0000000707800000|100%| O|  |TAMS 0x0000000707800000| PB 0x0000000707600000| Untracked |  0
|   21|0x0000000707800000, 0x0000000707a00000, 0x0000000707a00000|100%| O|  |TAMS 0x0000000707a00000| PB 0x0000000707800000| Untracked |  0
|   22|0x0000000707a00000, 0x0000000707c00000, 0x0000000707c00000|100%| O|  |TAMS 0x0000000707c00000| PB 0x0000000707a00000| Untracked |  0
|   23|0x0000000707c00000, 0x0000000707e00000, 0x0000000707e00000|100%| O|  |TAMS 0x0000000707e00000| PB 0x0000000707c00000| Untracked |  0
|   24|0x0000000707e00000, 0x0000000708000000, 0x0000000708000000|100%| O|  |TAMS 0x0000000708000000| PB 0x0000000707e00000| Untracked |  0
|   25|0x0000000708000000, 0x0000000708200000, 0x0000000708200000|100%| O|  |TAMS 0x0000000708200000| PB 0x0000000708000000| Untracked |  0
|   26|0x0000000708200000, 0x0000000708400000, 0x0000000708400000|100%| O|  |TAMS 0x0000000708400000| PB 0x0000000708200000| Untracked |  0
|   27|0x0000000708400000, 0x0000000708600000, 0x0000000708600000|100%| O|  |TAMS 0x0000000708600000| PB 0x0000000708400000| Untracked |  0
|   28|0x0000000708600000, 0x0000000708800000, 0x0000000708800000|100%| O|  |TAMS 0x0000000708800000| PB 0x0000000708600000| Untracked |  0
|   29|0x0000000708800000, 0x0000000708a00000, 0x0000000708a00000|100%| O|  |TAMS 0x0000000708a00000| PB 0x0000000708800000| Untracked |  0
|   30|0x0000000708a00000, 0x0000000708c00000, 0x0000000708c00000|100%| O|  |TAMS 0x0000000708c00000| PB 0x0000000708a00000| Untracked |  0
|   31|0x0000000708c00000, 0x0000000708e00000, 0x0000000708e00000|100%| O|  |TAMS 0x0000000708e00000| PB 0x0000000708c00000| Untracked |  0
|   32|0x0000000708e00000, 0x0000000708e19e60, 0x0000000709000000|  5%| S|CS|TAMS 0x0000000708e00000| PB 0x0000000708e00000| Complete  |  0
|   33|0x0000000709000000, 0x0000000709000000, 0x0000000709200000|  0%| F|  |TAMS 0x0000000709000000| PB 0x0000000709000000| Untracked |  0
|   34|0x0000000709200000, 0x0000000709400000, 0x0000000709400000|100%| O|  |TAMS 0x0000000709400000| PB 0x0000000709200000| Untracked |  0
| 2003|0x00000007ff400000, 0x00000007ff534750, 0x00000007ff600000| 60%| O|  |TAMS 0x00000007ff518190| PB 0x00000007ff400000| Untracked |  0
| 2004|0x00000007ff600000, 0x00000007ff800000, 0x00000007ff800000|100%| O|  |TAMS 0x00000007ff800000| PB 0x00000007ff600000| Untracked |  0
| 2005|0x00000007ff800000, 0x00000007ffa00000, 0x00000007ffa00000|100%| O|  |TAMS 0x00000007ffa00000| PB 0x00000007ff800000| Untracked |  0
| 2006|0x00000007ffa00000, 0x00000007ffc00000, 0x00000007ffc00000|100%| O|  |TAMS 0x00000007ffc00000| PB 0x00000007ffa00000| Untracked |  0
| 2007|0x00000007ffc00000, 0x00000007ffe00000, 0x00000007ffe00000|100%| O|  |TAMS 0x00000007ffe00000| PB 0x00000007ffc00000| Untracked |  0
| 2008|0x00000007ffe00000, 0x00000007ffe00000, 0x0000000800000000|  0%| F|  |TAMS 0x00000007ffe00000| PB 0x00000007ffe00000| Untracked |  0

Card table byte_map: [0x000001b064d80000,0x000001b065560000] _byte_map_base: 0x000001b061559000
Refinement table byte_map: [0x000001b065560000,0x000001b065d40000] _byte_map_base: 0x000001b061d39000

Marking Bits: (CMBitMap*) 0x000001b056847f70
 Bits: [0x000001b065d40000, 0x000001b069c08000)

Polling page: 0x000001b056580000

Metaspace:
Metaspace        used 129159K, committed 130432K, reserved 1179648K
 class space     used 19264K, committed 19840K, reserved 1048576K

Usage:
  Non-class:    107.32 MB used.
      Class:     18.81 MB used.
       Both:    126.13 MB used.

Virtual space:
  Non-class space:      128.00 MB reserved,     108.00 MB ( 84%) committed,  2 nodes.
      Class space:        1.00 GB reserved,      19.38 MB (  2%) committed,  1 nodes.
             Both:        1.12 GB reserved,     127.38 MB ( 11%) committed. 

Chunk freelists:
   Non-Class:  3.68 MB
       Class:  12.68 MB
        Both:  16.36 MB

MaxMetaspaceSize: unlimited
CompressedClassSpaceSize: 1.00 GB
Initial GC threshold: 21.00 MB
Current GC threshold: 212.31 MB
CDS: on
 - commit_granule_bytes: 65536.
 - commit_granule_words: 8192.
 - virtual_space_node_default_size: 8388608.
 - enlarge_chunks_in_place: 1.
UseCompressedClassPointers 1, UseCompactObjectHeaders 0
Narrow klass pointer bits 32, Max shift 3
Narrow klass base: 0x0000000085000000, Narrow klass shift: 0
Encoding Range: [0x0000000085000000 - 0x0000000185000000), (4294967296 bytes)
Klass Range:    [0x0000000085000000 - 0x00000000c6000000), (1090519040 bytes)
Klass ID Range:  [8 - 1090519033) (1090519025)
Protection zone: [0x0000000085000000 - 0x0000000085010000), (65536 bytes)


Internal statistics:

num_allocs_failed_limit: 20.
num_arena_births: 2740.
num_arena_deaths: 914.
num_vsnodes_births: 3.
num_vsnodes_deaths: 0.
num_space_committed: 2038.
num_space_uncommitted: 0.
num_chunks_returned_to_freelist: 1061.
num_chunks_taken_from_freelist: 8063.
num_chunk_merges: 188.
num_chunk_splits: 5265.
num_chunks_enlarged: 3958.
num_inconsistent_stats: 0.

CodeCache: size=49152Kb used=3574Kb max_used=15643Kb free=45577Kb
 bounds [0x000001b060cb0000, 0x000001b061d20000, 0x000001b063cb0000]
 total_blobs=2372, nmethods=1414, adapters=881, full_count=0
Compilation: enabled, stopped_count=0, restarted_count=0

Compilation events (20 events):
Event: 300014.899 Thread 0x000001b06c665580 31752       1       org.postgresql.core.VisibleBufferedInputStream::skip (57 bytes)
Event: 300014.900 Thread 0x000001b06c665580 nmethod 31752 0x000001b060e45088 code [0x000001b060e45180, 0x000001b060e452d8]
Event: 300014.900 Thread 0x000001b06c665580 31751       1       org.postgresql.core.AsciiStringInterner::getStringIfPresent (100 bytes)
Event: 300014.903 Thread 0x000001b06c665580 nmethod 31751 0x000001b06106f708 code [0x000001b06106f800, 0x000001b06106ff68]
Event: 300014.903 Thread 0x000001b06c665580 31759   !   1       org.postgresql.jdbc.TypeInfoCache::addCoreType (368 bytes)
Event: 300014.908 Thread 0x000001b06c665580 nmethod 31759 0x000001b060eb2788 code [0x000001b060eb2880, 0x000001b060eb3828]
Event: 300014.908 Thread 0x000001b06c665580 31753       1       org.postgresql.core.AsciiStringInterner$BaseKey::<init> (10 bytes)
Event: 300014.909 Thread 0x000001b06c665580 nmethod 31753 0x000001b060e44d88 code [0x000001b060e44e80, 0x000001b060e44f38]
Event: 300014.909 Thread 0x000001b06c665580 31754       1       java.lang.String::<init> (86 bytes)
Event: 300014.911 Thread 0x000001b06c665580 nmethod 31754 0x000001b060e5f488 code [0x000001b060e5f580, 0x000001b060e5f778]
Event: 300014.911 Thread 0x000001b06c665580 31755       1       java.lang.String::<init> (37 bytes)
Event: 300014.911 Thread 0x000001b06c665580 nmethod 31755 0x000001b060e5f188 code [0x000001b060e5f280, 0x000001b060e5f3b0]
Event: 300014.911 Thread 0x000001b06c665580 31756       1       org.postgresql.core.VisibleBufferedInputStream::ensureBytes (7 bytes)
Event: 300014.911 Thread 0x000001b06c665580 nmethod 31756 0x000001b060e82508 code [0x000001b060e82600, 0x000001b060e826e8]
Event: 300014.911 Thread 0x000001b06c665580 31757       1       org.postgresql.core.PGStream::receiveCanonicalStringIfPresent (45 bytes)
Event: 300014.913 Thread 0x000001b06c665580 nmethod 31757 0x000001b060e86a88 code [0x000001b060e86b80, 0x000001b060e86f20]
Event: 300014.913 Thread 0x000001b06c665580 31758       1       org.postgresql.core.Encoding::decodeCanonicalizedIfPresent (35 bytes)
Event: 300014.914 Thread 0x000001b06c665580 nmethod 31758 0x000001b060e89308 code [0x000001b060e89400, 0x000001b060e89720]
Event: 300018.959 Thread 0x000001b06c665580 31760   !   1       jdk.internal.vm.ThreadContainer::remove (21 bytes)
Event: 300018.960 Thread 0x000001b06c665580 nmethod 31760 0x000001b060e82208 code [0x000001b060e82300, 0x000001b060e82478]

GC Heap Usage History (20 events):
Event: 300094.963 {heap After GC invocations=844 (full 0):
 garbage-first heap   total reserved 4114432K, committed 83968K, used 73008K [0x0000000704e00000, 0x0000000800000000)
  region size 2M, 0 eden (0M), 1 survivor (2M), 36 old (72M), 0 humongous (0M), 4 free (8M)
}
Event: 300111.571 {heap Before GC invocations=845 (full 0):
 garbage-first heap   total reserved 4114432K, committed 83968K, used 77104K [0x0000000704e00000, 0x0000000800000000)
  region size 2M, 2 eden (4M), 1 survivor (2M), 36 old (72M), 0 humongous (0M), 2 free (4M)
}
Event: 300111.574 {heap After GC invocations=846 (full 0):
 garbage-first heap   total reserved 4114432K, committed 83968K, used 73004K [0x0000000704e00000, 0x0000000800000000)
  region size 2M, 0 eden (0M), 1 survivor (2M), 36 old (72M), 0 humongous (0M), 4 free (8M)
}
Event: 300127.915 {heap Before GC invocations=846 (full 0):
 garbage-first heap   total reserved 4114432K, committed 83968K, used 77100K [0x0000000704e00000, 0x0000000800000000)
  region size 2M, 2 eden (4M), 1 survivor (2M), 36 old (72M), 0 humongous (0M), 2 free (4M)
}
Event: 300127.920 {heap After GC invocations=847 (full 0):
 garbage-first heap   total reserved 4114432K, committed 83968K, used 72973K [0x0000000704e00000, 0x0000000800000000)
  region size 2M, 0 eden (0M), 1 survivor (2M), 36 old (72M), 0 humongous (0M), 4 free (8M)
}
Event: 300144.087 {heap Before GC invocations=848 (full 0):
 garbage-first heap   total reserved 4114432K, committed 83968K, used 77069K [0x0000000704e00000, 0x0000000800000000)
  region size 2M, 2 eden (4M), 1 survivor (2M), 36 old (72M), 0 humongous (0M), 2 free (4M)
}
Event: 300144.090 {heap After GC invocations=849 (full 0):
 garbage-first heap   total reserved 4114432K, committed 83968K, used 72987K [0x0000000704e00000, 0x0000000800000000)
  region size 2M, 0 eden (0M), 1 survivor (2M), 36 old (72M), 0 humongous (0M), 4 free (8M)
}
Event: 300159.805 {heap Before GC invocations=849 (full 0):
 garbage-first heap   total reserved 4114432K, committed 83968K, used 77083K [0x0000000704e00000, 0x0000000800000000)
  region size 2M, 2 eden (4M), 1 survivor (2M), 36 old (72M), 0 humongous (0M), 2 free (4M)
}
Event: 300159.811 {heap After GC invocations=850 (full 0):
 garbage-first heap   total reserved 4114432K, committed 83968K, used 72916K [0x0000000704e00000, 0x0000000800000000)
  region size 2M, 0 eden (0M), 1 survivor (2M), 36 old (72M), 0 humongous (0M), 4 free (8M)
}
Event: 300175.533 {heap Before GC invocations=851 (full 0):
 garbage-first heap   total reserved 4114432K, committed 83968K, used 77012K [0x0000000704e00000, 0x0000000800000000)
  region size 2M, 2 eden (4M), 1 survivor (2M), 36 old (72M), 0 humongous (0M), 2 free (4M)
}
Event: 300175.536 {heap After GC invocations=852 (full 0):
 garbage-first heap   total reserved 4114432K, committed 83968K, used 72957K [0x0000000704e00000, 0x0000000800000000)
  region size 2M, 0 eden (0M), 1 survivor (2M), 36 old (72M), 0 humongous (0M), 4 free (8M)
}
Event: 300191.193 {heap Before GC invocations=852 (full 0):
 garbage-first heap   total reserved 4114432K, committed 83968K, used 77053K [0x0000000704e00000, 0x0000000800000000)
  region size 2M, 2 eden (4M), 1 survivor (2M), 36 old (72M), 0 humongous (0M), 2 free (4M)
}
Event: 300191.197 {heap After GC invocations=853 (full 0):
 garbage-first heap   total reserved 4114432K, committed 83968K, used 73006K [0x0000000704e00000, 0x0000000800000000)
  region size 2M, 0 eden (0M), 1 survivor (2M), 36 old (72M), 0 humongous (0M), 4 free (8M)
}
Event: 300207.255 {heap Before GC invocations=854 (full 0):
 garbage-first heap   total reserved 4114432K, committed 83968K, used 77102K [0x0000000704e00000, 0x0000000800000000)
  region size 2M, 2 eden (4M), 1 survivor (2M), 36 old (72M), 0 humongous (0M), 2 free (4M)
}
Event: 300207.258 {heap After GC invocations=855 (full 0):
 garbage-first heap   total reserved 4114432K, committed 83968K, used 73014K [0x0000000704e00000, 0x0000000800000000)
  region size 2M, 0 eden (0M), 1 survivor (2M), 36 old (72M), 0 humongous (0M), 4 free (8M)
}
Event: 300229.089 {heap Before GC invocations=855 (full 0):
 garbage-first heap   total reserved 4114432K, committed 83968K, used 77110K [0x0000000704e00000, 0x0000000800000000)
  region size 2M, 2 eden (4M), 1 survivor (2M), 36 old (72M), 0 humongous (0M), 2 free (4M)
}
Event: 300229.094 {heap After GC invocations=856 (full 0):
 garbage-first heap   total reserved 4114432K, committed 83968K, used 72955K [0x0000000704e00000, 0x0000000800000000)
  region size 2M, 0 eden (0M), 1 survivor (2M), 36 old (72M), 0 humongous (0M), 4 free (8M)
}
Event: 300243.888 {heap Before GC invocations=857 (full 0):
 garbage-first heap   total reserved 4114432K, committed 83968K, used 77051K [0x0000000704e00000, 0x0000000800000000)
  region size 2M, 2 eden (4M), 1 survivor (2M), 36 old (72M), 0 humongous (0M), 2 free (4M)
}
Event: 300243.891 {heap After GC invocations=858 (full 0):
 garbage-first heap   total reserved 4114432K, committed 83968K, used 72984K [0x0000000704e00000, 0x0000000800000000)
  region size 2M, 0 eden (0M), 1 survivor (2M), 36 old (72M), 0 humongous (0M), 4 free (8M)
}
Event: 300261.109 {heap Before GC invocations=858 (full 0):
 garbage-first heap   total reserved 4114432K, committed 83968K, used 77080K [0x0000000704e00000, 0x0000000800000000)
  region size 2M, 2 eden (4M), 1 survivor (2M), 36 old (72M), 0 humongous (0M), 2 free (4M)
}

Metaspace Usage History (20 events):
Event: 300094.963 {metaspace After GC invocations=844 (full 0):
 Metaspace       used 129161K, committed 130432K, reserved 1179648K
  class space    used 19264K, committed 19840K, reserved 1048576K
}
Event: 300111.571 {metaspace Before GC invocations=845 (full 0):
 Metaspace       used 129161K, committed 130432K, reserved 1179648K
  class space    used 19264K, committed 19840K, reserved 1048576K
}
Event: 300111.574 {metaspace After GC invocations=846 (full 0):
 Metaspace       used 129161K, committed 130432K, reserved 1179648K
  class space    used 19264K, committed 19840K, reserved 1048576K
}
Event: 300127.915 {metaspace Before GC invocations=846 (full 0):
 Metaspace       used 129161K, committed 130432K, reserved 1179648K
  class space    used 19264K, committed 19840K, reserved 1048576K
}
Event: 300127.920 {metaspace After GC invocations=847 (full 0):
 Metaspace       used 129161K, committed 130432K, reserved 1179648K
  class space    used 19264K, committed 19840K, reserved 1048576K
}
Event: 300144.087 {metaspace Before GC invocations=848 (full 0):
 Metaspace       used 129161K, committed 130432K, reserved 1179648K
  class space    used 19264K, committed 19840K, reserved 1048576K
}
Event: 300144.090 {metaspace After GC invocations=849 (full 0):
 Metaspace       used 129161K, committed 130432K, reserved 1179648K
  class space    used 19264K, committed 19840K, reserved 1048576K
}
Event: 300159.805 {metaspace Before GC invocations=849 (full 0):
 Metaspace       used 129161K, committed 130432K, reserved 1179648K
  class space    used 19264K, committed 19840K, reserved 1048576K
}
Event: 300159.811 {metaspace After GC invocations=850 (full 0):
 Metaspace       used 129161K, committed 130432K, reserved 1179648K
  class space    used 19264K, committed 19840K, reserved 1048576K
}
Event: 300175.533 {metaspace Before GC invocations=851 (full 0):
 Metaspace       used 129161K, committed 130432K, reserved 1179648K
  class space    used 19264K, committed 19840K, reserved 1048576K
}
Event: 300175.536 {metaspace After GC invocations=852 (full 0):
 Metaspace       used 129161K, committed 130432K, reserved 1179648K
  class space    used 19264K, committed 19840K, reserved 1048576K
}
Event: 300191.193 {metaspace Before GC invocations=852 (full 0):
 Metaspace       used 129161K, committed 130432K, reserved 1179648K
  class space    used 19264K, committed 19840K, reserved 1048576K
}
Event: 300191.197 {metaspace After GC invocations=853 (full 0):
 Metaspace       used 129161K, committed 130432K, reserved 1179648K
  class space    used 19264K, committed 19840K, reserved 1048576K
}
Event: 300207.255 {metaspace Before GC invocations=854 (full 0):
 Metaspace       used 129159K, committed 130432K, reserved 1179648K
  class space    used 19264K, committed 19840K, reserved 1048576K
}
Event: 300207.258 {metaspace After GC invocations=855 (full 0):
 Metaspace       used 129159K, committed 130432K, reserved 1179648K
  class space    used 19264K, committed 19840K, reserved 1048576K
}
Event: 300229.089 {metaspace Before GC invocations=855 (full 0):
 Metaspace       used 129159K, committed 130432K, reserved 1179648K
  class space    used 19264K, committed 19840K, reserved 1048576K
}
Event: 300229.094 {metaspace After GC invocations=856 (full 0):
 Metaspace       used 129159K, committed 130432K, reserved 1179648K
  class space    used 19264K, committed 19840K, reserved 1048576K
}
Event: 300243.888 {metaspace Before GC invocations=857 (full 0):
 Metaspace       used 129159K, committed 130432K, reserved 1179648K
  class space    used 19264K, committed 19840K, reserved 1048576K
}
Event: 300243.891 {metaspace After GC invocations=858 (full 0):
 Metaspace       used 129159K, committed 130432K, reserved 1179648K
  class space    used 19264K, committed 19840K, reserved 1048576K
}
Event: 300261.109 {metaspace Before GC invocations=858 (full 0):
 Metaspace       used 129159K, committed 130432K, reserved 1179648K
  class space    used 19264K, committed 19840K, reserved 1048576K
}

Dll operation events (20 events):
Event: 0.358 Attempting to load shared library C:\Program Files\Java\jdk-26.0.1\bin\instrument.dll
Event: 0.358 Loaded shared library C:\Program Files\Java\jdk-26.0.1\bin\instrument.dll
Event: 0.365 Attempting to load shared library C:\Program Files\Java\jdk-26.0.1\bin\net.dll
Event: 0.365 Loaded shared library C:\Program Files\Java\jdk-26.0.1\bin\net.dll
Event: 0.368 Attempting to load shared library C:\Program Files\Java\jdk-26.0.1\bin\nio.dll
Event: 0.369 Loaded shared library C:\Program Files\Java\jdk-26.0.1\bin\nio.dll
Event: 0.375 Attempting to load shared library C:\Program Files\Java\jdk-26.0.1\bin\zip.dll
Event: 0.375 Loaded shared library C:\Program Files\Java\jdk-26.0.1\bin\zip.dll
Event: 0.751 Attempting to load shared library C:\Program Files\Java\jdk-26.0.1\bin\extnet.dll
Event: 0.752 Loaded shared library C:\Program Files\Java\jdk-26.0.1\bin\extnet.dll
Event: 0.769 Attempting to load shared library C:\Program Files\Java\jdk-26.0.1\bin\jimage.dll
Event: 0.769 Loaded shared library C:\Program Files\Java\jdk-26.0.1\bin\jimage.dll
Event: 1.054 Attempting to load shared library C:\Program Files\Java\jdk-26.0.1\bin\management.dll
Event: 1.054 Loaded shared library C:\Program Files\Java\jdk-26.0.1\bin\management.dll
Event: 1.055 Attempting to load shared library C:\Program Files\Java\jdk-26.0.1\bin\management_ext.dll
Event: 1.055 Loaded shared library C:\Program Files\Java\jdk-26.0.1\bin\management_ext.dll
Event: 1.877 Attempting to load shared library C:\Program Files\Java\jdk-26.0.1\bin\sunmscapi.dll
Event: 1.879 Loaded shared library C:\Program Files\Java\jdk-26.0.1\bin\sunmscapi.dll
Event: 130008.992 Attempting to load shared library C:\Program Files\Java\jdk-26.0.1\bin\awt.dll
Event: 130009.019 Loaded shared library C:\Program Files\Java\jdk-26.0.1\bin\awt.dll

Deoptimization events (20 events):
Event: 1.458 Thread 0x000001b072065b40 DEOPT PACKING pc=0x000001b0611492b4 sp=0x00000020131fbfe0
Event: 1.458 Thread 0x000001b072065b40 DEOPT UNPACKING pc=0x000001b060d015a2 sp=0x00000020131fb4d8 mode 0
Event: 5.218 Thread 0x000001b072742720 DEOPT PACKING pc=0x000001b0611559e1 sp=0x00000020139fee10
Event: 5.218 Thread 0x000001b072742720 DEOPT UNPACKING pc=0x000001b060d015a2 sp=0x00000020139fe268 mode 3
Event: 5.219 Thread 0x000001b072065b40 DEOPT PACKING pc=0x000001b0611583e6 sp=0x00000020131f9540
Event: 5.219 Thread 0x000001b072065b40 DEOPT UNPACKING pc=0x000001b060d015a2 sp=0x00000020131f89d0 mode 3
Event: 5.712 Thread 0x000001b072065b40 DEOPT PACKING pc=0x000001b0616ccc6c sp=0x00000020131f9af0
Event: 5.712 Thread 0x000001b072065b40 DEOPT UNPACKING pc=0x000001b060d015a2 sp=0x00000020131f9098 mode 0
Event: 9.618 Thread 0x000001b072065b40 DEOPT PACKING pc=0x000001b061a10a54 sp=0x00000020131f8ae0
Event: 9.618 Thread 0x000001b072065b40 DEOPT UNPACKING pc=0x000001b060d015a2 sp=0x00000020131f81c0 mode 0
Event: 9.634 Thread 0x000001b072065b40 DEOPT PACKING pc=0x000001b061a119fc sp=0x00000020131fa790
Event: 9.634 Thread 0x000001b072065b40 DEOPT UNPACKING pc=0x000001b060d015a2 sp=0x00000020131f9d80 mode 0
Event: 9.761 Thread 0x000001b072065b40 DEOPT PACKING pc=0x000001b061a119fc sp=0x00000020131fc070
Event: 9.762 Thread 0x000001b072065b40 DEOPT UNPACKING pc=0x000001b060d015a2 sp=0x00000020131fb660 mode 0
Event: 9.806 Thread 0x000001b072065b40 DEOPT PACKING pc=0x000001b061a10a54 sp=0x00000020131fd740
Event: 9.806 Thread 0x000001b072065b40 DEOPT UNPACKING pc=0x000001b060d015a2 sp=0x00000020131fce20 mode 0
Event: 126386.560 Thread 0x000001b071a3baf0 DEOPT PACKING pc=0x000001b06109b8cf sp=0x0000002014bfa2f0
Event: 126386.561 Thread 0x000001b071a3baf0 DEOPT UNPACKING pc=0x000001b060d015a2 sp=0x0000002014bf9888 mode 3
Event: 128353.510 Thread 0x000001b07948c280 DEOPT PACKING pc=0x000001b060e48617 sp=0x00000020144fcc70
Event: 128353.512 Thread 0x000001b07948c280 DEOPT UNPACKING pc=0x000001b060d015a2 sp=0x00000020144fc228 mode 3

Classes loaded (20 events):
Event: 130011.466 Loading class java/awt/Color
Event: 130011.466 Loading class java/awt/Paint
Event: 130011.466 Loading class java/awt/Paint done
Event: 130011.467 Loading class java/awt/Color done
Event: 130011.474 Loading class java/util/Formatter$FormatSpecifier$BigDecimalLayout
Event: 130011.474 Loading class java/util/Formatter$FormatSpecifier$BigDecimalLayout done
Event: 130011.474 Loading class java/util/Formatter$BigDecimalLayoutForm
Event: 130011.474 Loading class java/util/Formatter$BigDecimalLayoutForm done
Event: 130011.476 Loading class java/util/ArrayList$SubList$1
Event: 130011.476 Loading class java/util/ArrayList$SubList$1 done
Event: 130016.161 Loading class sun/security/provider/ByteArrayAccess$LE
Event: 130016.161 Loading class sun/security/provider/ByteArrayAccess$LE done
Event: 130016.184 Loading class java/io/PipedOutputStream
Event: 130016.185 Loading class java/io/PipedOutputStream done
Event: 132989.933 Loading class sun/net/ConnectionResetException
Event: 132989.944 Loading class sun/net/ConnectionResetException done
Event: 132990.064 Loading class java/nio/channels/InterruptedByTimeoutException
Event: 132990.067 Loading class java/nio/channels/InterruptedByTimeoutException done
Event: 297645.658 Loading class java/util/concurrent/CompletableFuture$UniExceptionally
Event: 297645.671 Loading class java/util/concurrent/CompletableFuture$UniExceptionally done

Classes unloaded (20 events):
Event: 297358.903 Thread 0x000001b06c6409e0 Unloading class 0x0000000087349800 'java/lang/invoke/LambdaForm$MH+0x0000000087349800'
Event: 297722.863 Thread 0x000001b06c6409e0 Unloading class 0x0000000087354c00 'java/lang/invoke/LambdaForm$MH+0x0000000087354c00'
Event: 297832.893 Thread 0x000001b06c6409e0 Unloading class 0x0000000087200800 'java/lang/invoke/LambdaForm$MH+0x0000000087200800'
Event: 297832.893 Thread 0x000001b06c6409e0 Unloading class 0x000000008734a000 'java/lang/invoke/LambdaForm$MH+0x000000008734a000'
Event: 297959.090 Thread 0x000001b06c6409e0 Unloading class 0x0000000087349800 'java/lang/invoke/LambdaForm$MH+0x0000000087349800'
Event: 297959.090 Thread 0x000001b06c6409e0 Unloading class 0x000000008734a800 'java/lang/invoke/LambdaForm$MH+0x000000008734a800'
Event: 298041.608 Thread 0x000001b06c6409e0 Unloading class 0x0000000087200800 'java/lang/invoke/LambdaForm$MH+0x0000000087200800'
Event: 298575.572 Thread 0x000001b06c6409e0 Unloading class 0x000000008734a800 'java/lang/invoke/LambdaForm$MH+0x000000008734a800'
Event: 298575.572 Thread 0x000001b06c6409e0 Unloading class 0x0000000087349800 'java/lang/invoke/LambdaForm$MH+0x0000000087349800'
Event: 298575.572 Thread 0x000001b06c6409e0 Unloading class 0x0000000087200800 'java/lang/invoke/LambdaForm$MH+0x0000000087200800'
Event: 298812.094 Thread 0x000001b06c6409e0 Unloading class 0x000000008734a000 'java/lang/invoke/LambdaForm$MH+0x000000008734a000'
Event: 298851.413 Thread 0x000001b06c6409e0 Unloading class 0x000000008734a800 'java/lang/invoke/LambdaForm$MH+0x000000008734a800'
Event: 298874.104 Thread 0x000001b06c6409e0 Unloading class 0x0000000087349800 'java/lang/invoke/LambdaForm$MH+0x0000000087349800'
Event: 299035.621 Thread 0x000001b06c6409e0 Unloading class 0x000000008734a000 'java/lang/invoke/LambdaForm$MH+0x000000008734a000'
Event: 299158.156 Thread 0x000001b06c6409e0 Unloading class 0x0000000087349800 'java/lang/invoke/LambdaForm$MH+0x0000000087349800'
Event: 299999.856 Thread 0x000001b06c6409e0 Unloading class 0x0000000086f32000 'java/lang/invoke/LambdaForm$MH+0x0000000086f32000'
Event: 299999.858 Thread 0x000001b06c6409e0 Unloading class 0x0000000087330000 'java/lang/invoke/LambdaForm$MH+0x0000000087330000'
Event: 299999.859 Thread 0x000001b06c6409e0 Unloading class 0x0000000086d54800 'java/lang/invoke/LambdaForm$MH+0x0000000086d54800'
Event: 299999.859 Thread 0x000001b06c6409e0 Unloading class 0x0000000086f80000 'java/lang/invoke/LambdaForm$MH+0x0000000086f80000'
Event: 300191.378 Thread 0x000001b06c6409e0 Unloading class 0x0000000087349800 'java/lang/invoke/LambdaForm$MH+0x0000000087349800'

Classes redefined (0 events):
No events

Internal exceptions (20 events):
Event: 297344.563 Thread 0x000001b07a3bd410 Exception <a 'java/net/ConnectException'{0x0000000709b66b70}: Connection refused: getsockopt> (0x0000000709b66b70) 
thrown [s\open\src\hotspot\share\prims\jni.cpp, line 532]
Event: 297344.563 Thread 0x000001b0797e97d0 Exception <a 'java/net/ConnectException'{0x0000000709b664d0}: Connection refused: getsockopt> (0x0000000709b664d0) 
thrown [s\open\src\hotspot\share\prims\jni.cpp, line 532]
Event: 297374.640 Thread 0x000001b06c712830 Exception <a 'java/net/ConnectException'{0x000000070a197ad8}: Connection refused: getsockopt> (0x000000070a197ad8) 
thrown [s\open\src\hotspot\share\prims\jni.cpp, line 532]
Event: 297374.640 Thread 0x000001b06c713000 Exception <a 'java/net/ConnectException'{0x000000070a197280}: Connection refused: getsockopt> (0x000000070a197280) 
thrown [s\open\src\hotspot\share\prims\jni.cpp, line 532]
Event: 297404.742 Thread 0x000001b079a045f0 Exception <a 'java/net/ConnectException'{0x00000007097e6738}: Connection refused: getsockopt> (0x00000007097e6738) 
thrown [s\open\src\hotspot\share\prims\jni.cpp, line 532]
Event: 297404.752 Thread 0x000001b079a01ee0 Exception <a 'java/net/ConnectException'{0x00000007097e2bd0}: Connection refused: getsockopt> (0x00000007097e2bd0) 
thrown [s\open\src\hotspot\share\prims\jni.cpp, line 532]
Event: 297434.848 Thread 0x000001b0797e8060 Exception <a 'java/net/ConnectException'{0x0000000709de9248}: Connection refused: getsockopt> (0x0000000709de9248) 
thrown [s\open\src\hotspot\share\prims\jni.cpp, line 532]
Event: 297434.848 Thread 0x000001b072740010 Exception <a 'java/net/ConnectException'{0x0000000709de82a8}: Connection refused: getsockopt> (0x0000000709de82a8) 
thrown [s\open\src\hotspot\share\prims\jni.cpp, line 532]
Event: 297464.939 Thread 0x000001b0797e97d0 Exception <a 'java/net/ConnectException'{0x000000070a0f84d8}: Connection refused: getsockopt> (0x000000070a0f84d8) 
thrown [s\open\src\hotspot\share\prims\jni.cpp, line 532]
Event: 297464.939 Thread 0x000001b07a3bd410 Exception <a 'java/net/ConnectException'{0x000000070a0f7cf8}: Connection refused: getsockopt> (0x000000070a0f7cf8) 
thrown [s\open\src\hotspot\share\prims\jni.cpp, line 532]
Event: 297495.044 Thread 0x000001b06c713000 Exception <a 'java/net/ConnectException'{0x00000007096f83e0}: Connection refused: getsockopt> (0x00000007096f83e0) 
thrown [s\open\src\hotspot\share\prims\jni.cpp, line 532]
Event: 297495.044 Thread 0x000001b06c712830 Exception <a 'java/net/ConnectException'{0x00000007096f7d88}: Connection refused: getsockopt> (0x00000007096f7d88) 
thrown [s\open\src\hotspot\share\prims\jni.cpp, line 532]
Event: 297525.143 Thread 0x000001b079a01ee0 Exception <a 'java/net/ConnectException'{0x0000000709d49588}: Connection refused: getsockopt> (0x0000000709d49588) 
thrown [s\open\src\hotspot\share\prims\jni.cpp, line 532]
Event: 297525.143 Thread 0x000001b079a045f0 Exception <a 'java/net/ConnectException'{0x0000000709d48dc0}: Connection refused: getsockopt> (0x0000000709d48dc0) 
thrown [s\open\src\hotspot\share\prims\jni.cpp, line 532]
Event: 297555.247 Thread 0x000001b072740010 Exception <a 'java/net/ConnectException'{0x000000070a39b800}: Connection refused: getsockopt> (0x000000070a39b800) 
thrown [s\open\src\hotspot\share\prims\jni.cpp, line 532]
Event: 297555.247 Thread 0x000001b0797e8060 Exception <a 'java/net/ConnectException'{0x000000070a39b190}: Connection refused: getsockopt> (0x000000070a39b190) 
thrown [s\open\src\hotspot\share\prims\jni.cpp, line 532]
Event: 297585.345 Thread 0x000001b0797e97d0 Exception <a 'java/net/ConnectException'{0x00000007099eaa98}: Connection refused: getsockopt> (0x00000007099eaa98) 
thrown [s\open\src\hotspot\share\prims\jni.cpp, line 532]
Event: 297585.345 Thread 0x000001b07a3bd410 Exception <a 'java/net/ConnectException'{0x00000007099eb1f8}: Connection refused: getsockopt> (0x00000007099eb1f8) 
thrown [s\open\src\hotspot\share\prims\jni.cpp, line 532]
Event: 297615.448 Thread 0x000001b06c712830 Exception <a 'java/net/ConnectException'{0x0000000709c08b68}: Connection refused: getsockopt> (0x0000000709c08b68) 
thrown [s\open\src\hotspot\share\prims\jni.cpp, line 532]
Event: 297615.448 Thread 0x000001b06c713000 Exception <a 'java/net/ConnectException'{0x0000000709c091d8}: Connection refused: getsockopt> (0x0000000709c091d8) 
thrown [s\open\src\hotspot\share\prims\jni.cpp, line 532]

VM Operations (20 events):
Event: 300160.040 Executing safepoint VM operation: G1PauseCleanup done
Event: 300175.532 Executing safepoint VM operation: G1CollectForAllocation (G1 Evacuation Pause)
Event: 300175.536 Executing safepoint VM operation: G1CollectForAllocation (G1 Evacuation Pause) done
Event: 300191.193 Executing safepoint VM operation: G1CollectForAllocation (G1 Evacuation Pause)
Event: 300191.197 Executing safepoint VM operation: G1CollectForAllocation (G1 Evacuation Pause) done
Event: 300191.375 Executing safepoint VM operation: G1PauseRemark
Event: 300192.420 Executing safepoint VM operation: G1PauseRemark done
Event: 300192.483 Executing safepoint VM operation: G1PauseCleanup
Event: 300192.525 Executing safepoint VM operation: G1PauseCleanup done
Event: 300207.255 Executing safepoint VM operation: G1CollectForAllocation (G1 Evacuation Pause)
Event: 300207.258 Executing safepoint VM operation: G1CollectForAllocation (G1 Evacuation Pause) done
Event: 300229.089 Executing safepoint VM operation: G1CollectForAllocation (G1 Evacuation Pause)
Event: 300229.094 Executing safepoint VM operation: G1CollectForAllocation (G1 Evacuation Pause) done
Event: 300229.343 Executing safepoint VM operation: G1PauseRemark
Event: 300229.384 Executing safepoint VM operation: G1PauseRemark done
Event: 300229.448 Executing safepoint VM operation: G1PauseCleanup
Event: 300229.448 Executing safepoint VM operation: G1PauseCleanup done
Event: 300243.887 Executing safepoint VM operation: G1CollectForAllocation (G1 Evacuation Pause)
Event: 300243.891 Executing safepoint VM operation: G1CollectForAllocation (G1 Evacuation Pause) done
Event: 300261.109 Executing safepoint VM operation: G1CollectForAllocation (G1 Evacuation Pause)

Memory protections (0 events):
No events

Nmethod flushes (20 events):
Event: 299747.988 Thread 0x000001b06c6409e0 flushing  nmethod 0x000001b061a50888
Event: 299747.988 Thread 0x000001b06c6409e0 flushing  nmethod 0x000001b061a51e08
Event: 299747.988 Thread 0x000001b06c6409e0 flushing  nmethod 0x000001b061b3d588
Event: 299747.988 Thread 0x000001b06c6409e0 flushing  nmethod 0x000001b061b3db88
Event: 299747.988 Thread 0x000001b06c6409e0 flushing  nmethod 0x000001b061b3df88
Event: 299747.988 Thread 0x000001b06c6409e0 flushing  nmethod 0x000001b061b3e308
Event: 299747.988 Thread 0x000001b06c6409e0 flushing  nmethod 0x000001b061b3ee08
Event: 299747.988 Thread 0x000001b06c6409e0 flushing  nmethod 0x000001b061b3f108
Event: 299747.988 Thread 0x000001b06c6409e0 flushing  nmethod 0x000001b061b3f408
Event: 299747.988 Thread 0x000001b06c6409e0 flushing  nmethod 0x000001b061b3f708
Event: 299747.988 Thread 0x000001b06c6409e0 flushing  nmethod 0x000001b061b3fc88
Event: 299747.988 Thread 0x000001b06c6409e0 flushing  nmethod 0x000001b061b40308
Event: 299747.989 Thread 0x000001b06c6409e0 flushing  nmethod 0x000001b061b40a88
Event: 299747.989 Thread 0x000001b06c6409e0 flushing  nmethod 0x000001b061b41c08
Event: 299747.989 Thread 0x000001b06c6409e0 flushing  nmethod 0x000001b061b41f88
Event: 299747.989 Thread 0x000001b06c6409e0 flushing  nmethod 0x000001b061b42288
Event: 299747.989 Thread 0x000001b06c6409e0 flushing  nmethod 0x000001b061b42d08
Event: 299747.989 Thread 0x000001b06c6409e0 flushing  nmethod 0x000001b061b43f88
Event: 300002.940 Thread 0x000001b06c6409e0 flushing  nmethod 0x000001b06165d388
Event: 300002.941 Thread 0x000001b06c6409e0 flushing  nmethod 0x000001b061b56588

Events (20 events):
Event: 299907.501 Thread 0x000001b0799fffa0 Thread exited: 0x000001b0799fffa0
Event: 299912.463 Thread 0x000001b0799ee8c0 Thread exited: 0x000001b0799ee8c0
Event: 299984.716 Thread 0x000001b072742720 Thread added: 0x000001b06c65d200
Event: 299985.073 Thread 0x000001b06c65d200 Thread added: 0x000001b06c65c260
Event: 299990.109 Thread 0x000001b06c65d200 Thread exited: 0x000001b06c65d200
Event: 300002.966 Thread 0x000001b06c65c260 Thread exited: 0x000001b06c65c260
Event: 300005.750 Thread 0x000001b06c665580 Thread added: 0x000001b0799f00f0
Event: 300006.698 Thread 0x000001b0799f00f0 Thread exited: 0x000001b0799f00f0
Event: 300006.719 Thread 0x000001b072742720 Thread added: 0x000001b079a026b0
Event: 300006.778 Thread 0x000001b079a026b0 Thread added: 0x000001b0799fffa0
Event: 300006.796 Thread 0x000001b06c665580 Thread added: 0x000001b0799ef8e0
Event: 300010.910 Thread 0x000001b0799ef8e0 Thread exited: 0x000001b0799ef8e0
Event: 300010.989 Thread 0x000001b06c665580 Thread added: 0x000001b0799ed8a0
Event: 300011.785 Thread 0x000001b079a026b0 Thread exited: 0x000001b079a026b0
Event: 300013.912 Thread 0x000001b072742720 Thread added: 0x000001b079a026b0
Event: 300013.945 Thread 0x000001b0799ed8a0 Thread exited: 0x000001b0799ed8a0
Event: 300014.898 Thread 0x000001b06c665580 Thread added: 0x000001b06c5bcdb0
Event: 300018.959 Thread 0x000001b06c5bcdb0 Thread exited: 0x000001b06c5bcdb0
Event: 300018.960 Thread 0x000001b079a026b0 Thread exited: 0x000001b079a026b0
Event: 300019.967 Thread 0x000001b0799fffa0 Thread exited: 0x000001b0799fffa0


Dynamic libraries:
0x00007ff7b4860000 - 0x00007ff7b4870000 	C:\Program Files\Java\jdk-26.0.1\bin\java.exe
0x00007fffe4ce0000 - 0x00007fffe4f46000 	C:\WINDOWS\SYSTEM32\ntdll.dll
0x00007fffe3de0000 - 0x00007fffe3ea9000 	C:\WINDOWS\System32\KERNEL32.DLL
0x00007fffe1ef0000 - 0x00007fffe22ef000 	C:\WINDOWS\System32\KERNELBASE.dll
0x00007fffe2300000 - 0x00007fffe244c000 	C:\WINDOWS\System32\ucrtbase.dll
0x00007fffcb700000 - 0x00007fffcb717000 	C:\Program Files\Java\jdk-26.0.1\bin\jli.dll
0x00007fffc8ee0000 - 0x00007fffc8efe000 	C:\Program Files\Java\jdk-26.0.1\bin\VCRUNTIME140.dll
0x00007fffe3ad0000 - 0x00007fffe3c96000 	C:\WINDOWS\System32\USER32.dll
0x00007fffbd4c0000 - 0x00007fffbd751000 	C:\WINDOWS\WinSxS\amd64_microsoft.windows.common-controls_6595b64144ccf1df_6.0.26100.8972_none_3e0da176e32f9d4b\COMCTL32.dll
0x00007fffe48b0000 - 0x00007fffe4959000 	C:\WINDOWS\System32\msvcrt.dll
0x00007fffe2620000 - 0x00007fffe2647000 	C:\WINDOWS\System32\win32u.dll
0x00007fffe4830000 - 0x00007fffe485b000 	C:\WINDOWS\System32\GDI32.dll
0x00007fffe24f0000 - 0x00007fffe2619000 	C:\WINDOWS\System32\gdi32full.dll
0x00007fffe28a0000 - 0x00007fffe2943000 	C:\WINDOWS\System32\msvcp_win.dll
0x00007fffe2be0000 - 0x00007fffe2c12000 	C:\WINDOWS\System32\IMM32.DLL
0x00007fffdbf30000 - 0x00007fffdbf3c000 	C:\Program Files\Java\jdk-26.0.1\bin\vcruntime140_1.dll
0x00007fffb5420000 - 0x00007fffb54ad000 	C:\Program Files\Java\jdk-26.0.1\bin\msvcp140.dll
0x00007fff452f0000 - 0x00007fff461be000 	C:\Program Files\Java\jdk-26.0.1\bin\server\jvm.dll
0x00007fffe2dd0000 - 0x00007fffe2e8c000 	C:\WINDOWS\System32\ADVAPI32.dll
0x00007fffe4780000 - 0x00007fffe482a000 	C:\WINDOWS\System32\sechost.dll
0x00007fffe2cb0000 - 0x00007fffe2dc8000 	C:\WINDOWS\System32\RPCRT4.dll
0x00007fffe2c20000 - 0x00007fffe2ca2000 	C:\WINDOWS\System32\WS2_32.dll
0x00007fffe1d70000 - 0x00007fffe1dce000 	C:\WINDOWS\SYSTEM32\POWRPROF.dll
0x00007fffdea10000 - 0x00007fffdea1b000 	C:\WINDOWS\SYSTEM32\VERSION.dll
0x00007fffd7550000 - 0x00007fffd7586000 	C:\WINDOWS\SYSTEM32\WINMM.dll
0x00007fffe1d50000 - 0x00007fffe1d65000 	C:\WINDOWS\SYSTEM32\UMPDC.dll
0x00007fffe0ba0000 - 0x00007fffe0bbb000 	C:\WINDOWS\SYSTEM32\kernel.appcore.dll
0x00007fffcb7b0000 - 0x00007fffcb7ba000 	C:\Program Files\Java\jdk-26.0.1\bin\jimage.dll
0x00007fffdf310000 - 0x00007fffdf552000 	C:\WINDOWS\SYSTEM32\DBGHELP.DLL
0x00007fffe3660000 - 0x00007fffe39e5000 	C:\WINDOWS\System32\combase.dll
0x00007fffe39f0000 - 0x00007fffe3ac9000 	C:\WINDOWS\System32\OLEAUT32.dll
0x00007fffbd920000 - 0x00007fffbd95b000 	C:\WINDOWS\SYSTEM32\dbgcore.DLL
0x00007fffe27e0000 - 0x00007fffe288c000 	C:\WINDOWS\System32\bcryptPrimitives.dll
0x00007fffcb760000 - 0x00007fffcb770000 	C:\Program Files\Java\jdk-26.0.1\bin\instrument.dll
0x00007fffc8de0000 - 0x00007fffc8dff000 	C:\Program Files\Java\jdk-26.0.1\bin\java.dll
0x00007fffe4040000 - 0x00007fffe41d9000 	C:\WINDOWS\System32\ole32.dll
0x00007fffe2eb0000 - 0x00007fffe3638000 	C:\WINDOWS\System32\SHELL32.dll
0x00007fffdf960000 - 0x00007fffe01fb000 	C:\WINDOWS\SYSTEM32\windows.storage.dll
0x00007fffe41e0000 - 0x00007fffe42d9000 	C:\WINDOWS\System32\SHCORE.dll
0x00007fffe4b70000 - 0x00007fffe4bd6000 	C:\WINDOWS\System32\shlwapi.dll
0x00007fffe1e10000 - 0x00007fffe1e39000 	C:\WINDOWS\SYSTEM32\profapi.dll
0x00007fffc4b10000 - 0x00007fffc4b27000 	C:\Program Files\Java\jdk-26.0.1\bin\zip.dll
0x00007fffc8c70000 - 0x00007fffc8c82000 	C:\Program Files\Java\jdk-26.0.1\bin\net.dll
0x00007fffe1130000 - 0x00007fffe119c000 	C:\WINDOWS\system32\mswsock.dll
0x00007fffc4c20000 - 0x00007fffc4c36000 	C:\Program Files\Java\jdk-26.0.1\bin\nio.dll
0x00007fffcb6f0000 - 0x00007fffcb6f9000 	C:\Program Files\Java\jdk-26.0.1\bin\extnet.dll
0x00007fffc9180000 - 0x00007fffc918a000 	C:\Program Files\Java\jdk-26.0.1\bin\management.dll
0x00007fffc8f40000 - 0x00007fffc8f4c000 	C:\Program Files\Java\jdk-26.0.1\bin\management_ext.dll
0x00007fffe42e0000 - 0x00007fffe42e8000 	C:\WINDOWS\System32\PSAPI.DLL
0x00007fffcb6c0000 - 0x00007fffcb6ce000 	C:\Program Files\Java\jdk-26.0.1\bin\sunmscapi.dll
0x00007fffe2650000 - 0x00007fffe27ce000 	C:\WINDOWS\System32\CRYPT32.dll
0x00007fffe16c0000 - 0x00007fffe16f0000 	C:\WINDOWS\SYSTEM32\ncrypt.dll
0x00007fffe1670000 - 0x00007fffe16af000 	C:\WINDOWS\SYSTEM32\NTASN1.dll
0x00007fffe1550000 - 0x00007fffe156b000 	C:\WINDOWS\SYSTEM32\CRYPTSP.dll
0x00007fffe0b00000 - 0x00007fffe0b39000 	C:\WINDOWS\system32\rsaenh.dll
0x00007fffe11e0000 - 0x00007fffe1212000 	C:\WINDOWS\SYSTEM32\USERENV.dll
0x00007fffe1de0000 - 0x00007fffe1e0a000 	C:\WINDOWS\SYSTEM32\bcrypt.dll
0x00007fffe1390000 - 0x00007fffe139c000 	C:\WINDOWS\SYSTEM32\CRYPTBASE.dll
0x00007fffe0550000 - 0x00007fffe0583000 	C:\WINDOWS\SYSTEM32\IPHLPAPI.DLL
0x00007fffe4980000 - 0x00007fffe498a000 	C:\WINDOWS\System32\NSI.dll
0x00007fffe0590000 - 0x00007fffe06e8000 	C:\WINDOWS\SYSTEM32\DNSAPI.dll
0x00007fffe0f50000 - 0x00007fffe0f5d000 	C:\WINDOWS\SYSTEM32\DSPARSE.dll
0x0000000059610000 - 0x0000000059636000 	C:\Program Files\Bonjour\mdnsNSP.dll
0x00007fffd8e50000 - 0x00007fffd8e5b000 	C:\Windows\System32\rasadhlp.dll
0x00007fffdafe0000 - 0x00007fffdb066000 	C:\WINDOWS\System32\fwpuclnt.dll
0x00007fffb4620000 - 0x00007fffb4638000 	C:\WINDOWS\system32\napinsp.dll
0x00007fffb4600000 - 0x00007fffb4613000 	C:\WINDOWS\System32\winrnr.dll
0x00007fffb45d0000 - 0x00007fffb45f2000 	C:\WINDOWS\system32\nlansp_c.dll
0x00007fffd8e60000 - 0x00007fffd8e76000 	C:\WINDOWS\system32\wshbth.dll
0x00007fffdad10000 - 0x00007fffdad2d000 	C:\WINDOWS\SYSTEM32\dhcpcsvc6.DLL
0x00007fffdace0000 - 0x00007fffdad05000 	C:\WINDOWS\SYSTEM32\dhcpcsvc.DLL
0x00007fff86a90000 - 0x00007fff86a98000 	C:\WINDOWS\system32\wshunix.dll
0x00007fffb0730000 - 0x00007fffb08b5000 	C:\Program Files\Java\jdk-26.0.1\bin\awt.dll
0x00007fffde260000 - 0x00007fffde2ff000 	C:\WINDOWS\SYSTEM32\apphelp.dll

JVMTI agents:
C:\Program Files\JetBrains\IntelliJ IDEA 2026.1.1\lib\idea_rt.jar path:C:\Program Files\Java\jdk-26.0.1\bin\instrument.dll, loaded, initialized, instrumentlib options:48230

dbghelp: loaded successfully - version: 4.0.5 - missing functions: none
symbol engine: initialized successfully - sym options: 0x614 - pdb path: .;C:\Program Files\Java\jdk-26.0.1\bin;C:\WINDOWS\SYSTEM32;C:\WINDOWS\WinSxS\amd64_microsoft.windows.common-controls_6595b64144ccf1df_6.0.26100.8972_none_3e0da176e32f9d4b;C:\Program Files\Java\jdk-26.0.1\bin\server;C:\Program Files\Bonjour

VM Arguments:
jvm_args: -XX:TieredStopAtLevel=1 -Dspring.output.ansi.enabled=always -javaagent:C:\Program Files\JetBrains\IntelliJ IDEA 2026.1.1\lib\idea_rt.jar=48230 -Dfile.encoding=UTF-8 -Dsun.stdout.encoding=UTF-8 -Dsun.stderr.encoding=UTF-8 
java_command: com.jemigraph.jemigraph_backend.JemigraphBackendApplication
java_class_path (initial): D:\projects\jemigraph_backend\target\classes;C:\Users\Administrator\.m2\repository\org\springframework\boot\spring-boot-starter-data-jdbc\4.0.6\spring-boot-starter-data-jdbc-4.0.6.jar;C:\Users\Administrator\.m2\repository\org\springframework\boot\spring-boot-starter\4.0.6\spring-boot-starter-4.0.6.jar;C:\Users\Administrator\.m2\repository\org\springframework\boot\spring-boot-starter-logging\4.0.6\spring-boot-starter-logging-4.0.6.jar;C:\Users\Administrator\.m2\repository\ch\qos\logback\logback-classic\1.5.32\logback-classic-1.5.32.jar;C:\Users\Administrator\.m2\repository\ch\qos\logback\logback-core\1.5.32\logback-core-1.5.32.jar;C:\Users\Administrator\.m2\repository\org\apache\logging\log4j\log4j-to-slf4j\2.25.4\log4j-to-slf4j-2.25.4.jar;C:\Users\Administrator\.m2\repository\org\apache\logging\log4j\log4j-api\2.25.4\log4j-api-2.25.4.jar;C:\Users\Administrator\.m2\repository\org\slf4j\jul-to-slf4j\2.0.17\jul-to-slf4j-2.0.17.jar;C:\Users\Administrator\.m2\repository\jakarta\annotation\jakarta.annotation-api\3.0.0\jakarta.annotation-api-3.0.0.jar;C:\Users\Administrator\.m2\repository\org\yaml\snakeyaml\2.5\snakeyaml-2.5.jar;C:\Users\Administrator\.m2\repository\org\springframework\boot\spring-boot-starter-jdbc\4.0.6\spring-boot-starter-jdbc-4.0.6.jar;C:\Users\Administrator\.m2\repository\com\zaxxer\HikariCP\7.0.2\HikariCP-7.0.2.jar;C:\Users\Administrator\.m2\repository\org\springframework\boot\spring-boot-data-jdbc\4.0.6\spring-boot-data-jdbc-4.0.6.jar;C:\Users\Administrator\.m2\repository\org\springframework\boot\spring-boot-data-commons\4.0.6\spring-boot-data-commons-4.0.6.jar;C:\Users\Administrator\.m2\repository\org\springframework\boot\spring-boot-persistence\4.0.6\spring-boot-persistence-4.0.6.jar;C:\Users\Administrator\.m2\repository\org\springframework\data\spring-data-jdbc\4.0.5\spring-data-jdbc-4.0.5.jar;C:\Users\Administrator\.m2\repository\org\springframework\data\spring-data-relational\4.0.5\spring-data-relational-4.0.5.jar;C:\Users\Administrator\.m2\repository\org\springframework\boot\spring-boot-jdbc\4.0.6\spring-boot-jdbc-4.0.6.jar;C:\Users\Administrator\.m2\repository\org\springframework\boot\spring-boot-sql\4.0.6\spring-boot-sql-4.0.6.jar;C:\Users\Administrator\.m2\repository\org\springframework\boot\spring-boot-transaction\4.0.6\spring-boot-transaction-4.0.6.jar;C:\Users\Administrator\.m2\repository\org\springframework\spring-jdbc\7.0.7\spring-jdbc-7.0.7.jar;C:\Users\Administrator\.m2\repository\org\springframework\boot\spring-boot-starter-data-jpa\4.0.6\spring-boot-starter-data-jpa-4.0.6.jar;C:\Users\Administrator\.m2\repository\org\springframework\boot\spring-boot-data-jpa\4.0.6\spring-boot-data-jpa-4.0.6.jar;C:\Users\Administrator\.m2\repository\org\springframework\boot\spring-boot-hibernate\4.0.6\spring-boot-hibernate-4.0.6.jar;C:\Users\Administrator\.m2\repository\org\springframework\boot\spring-boot-jpa\4.0.6\spring-boot-jpa-4.0.6.jar;C:\Users\Administrator\.m2\repository\org\springframework\spring-orm\7.0.7\spring-orm-7.0.7.jar;C:\Users\Administrator\.m2\repository\org\springframework\data\spring-data-jpa\4.0.5\spring-data-jpa-4.0.5.jar;C:\Users\Administrator\.m2\repository\org\springframework\spring-aspects\7.0.7\spring-aspects-7.0.7.jar;C:\Users\Administrator\.m2\repository\org\aspectj\aspectjweaver\1.9.25.1\aspectjweaver-1.9.25.1.jar;C:\Users\Administrator\.m2\repository\org\springframework\boot\spring-boot-starter-restclient\4.0.6\spring-boot-starter-restclient-4.0.6.jar;C:\Users\Administrator\.m2\repository\org\springframework\boot\spring-boot-starter-jackson\4.0.6\spring-boot-starter-jackson-4.0.6.jar;C:\Users\Administrator\.m2\repository\org\springframework\boot\spring-boot-jackson\4.0.6\spring-boot-jackson-4.0.6.jar;C:\Users\Administrator\.m2\repository\tools\jackson\core\jackson-databind\3.1.2\jackson-databind-3.1.2.jar;C:\Users\Administrator\.m2\repository\tools\jackson\core\jackson-core\3.1.2\jackson-core-3.1.2.jar;C:\Users\Administrator\.m2\repository\org\springframework\boot\spring-boot-restclient\4.0.6\spring-boot-restclient-4.0.6.jar;C:\Users\Administrator\.m2\repository\org\springframework\boot\spring-boot-http-client\4.0.6\spring-boot-http-client-4.0.6.jar;C:\Users\Administrator\.m2\repository\org\springframework\boot\spring-boot-starter-webmvc\4.0.6\spring-boot-starter-webmvc-4.0.6.jar;C:\Users\Administrator\.m2\repository\org\springframework\boot\spring-boot-starter-tomcat\4.0.6\spring-boot-starter-tomcat-4.0.6.jar;C:\Users\Administrator\.m2\repository\org\springframework\boot\spring-boot-starter-tomcat-runtime\4.0.6\spring-boot-starter-tomcat-runtime-4.0.6.jar;C:\Users\Administrator\.m2\repository\org\springframework\boot\spring-boot-web-server\4.0.6\spring-boot-web-server-4.0.6.jar;C:\Users\Administrator\.m2\repository\org\apache\tomcat\embed\tomcat-embed-core\11.0.21\tomcat-embed-core-11.0.21.jar;C:\Users\Administrator\.m2\repository\org\apache\tomcat\embed\tomcat-embed-websocket\11.0.21\tomcat-embed-websocket-11.0.21.jar;C:\Users\Administrator\.m2\repository\org\springframework\boot\spring-boot-tomcat\4.0.6\spring-boot-tomcat-4.0.6.jar;C:\Users\Administrator\.m2\repository\org\springframework\boot\spring-boot-http-converter\4.0.6\spring-boot-http-converter-4.0.6.jar;C:\Users\Administrator\.m2\repository\org\springframework\spring-web\7.0.7\spring-web-7.0.7.jar;C:\Users\Administrator\.m2\repository\org\springframework\boot\spring-boot-webmvc\4.0.6\spring-boot-webmvc-4.0.6.jar;C:\Users\Administrator\.m2\repository\org\springframework\boot\spring-boot-servlet\4.0.6\spring-boot-servlet-4.0.6.jar;C:\Users\Administrator\.m2\repository\org\springframework\spring-webmvc\7.0.7\spring-webmvc-7.0.7.jar;C:\Users\Administrator\.m2\repository\org\springframework\boot\spring-boot-starter-websocket\4.0.6\spring-boot-starter-websocket-4.0.6.jar;C:\Users\Administrator\.m2\repository\org\springframework\boot\spring-boot-websocket\4.0.6\spring-boot-websocket-4.0.6.jar;C:\Users\Administrator\.m2\repository\org\springframework\spring-messaging\7.0.7\spring-messaging-7.0.7.jar;C:\Users\Administrator\.m2\repository\org\springframework\spring-websocket\7.0.7\spring-websocket-7.0.7.jar;C:\Users\Administrator\.m2\repository\org\springframework\boot\spring-boot-starter-data-redis\4.0.6\spring-boot-starter-data-redis-4.0.6.jar;C:\Users\Administrator\.m2\repository\org\springframework\boot\spring-boot-data-redis\4.0.6\spring-boot-data-redis-4.0.6.jar;C:\Users\Administrator\.m2\repository\io\lettuce\lettuce-core\6.8.2.RELEASE\lettuce-core-6.8.2.RELEASE.jar;C:\Users\Administrator\.m2\repository\io\projectreactor\reactor-core\3.8.5\reactor-core-3.8.5.jar;C:\Users\Administrator\.m2\repository\org\reactivestreams\reactive-streams\1.0.4\reactive-streams-1.0.4.jar;C:\Users\Administrator\.m2\repository\io\netty\netty-resolver-dns\4.2.12.Final\netty-resolver-dns-4.2.12.Final.jar;C:\Users\Administrator\.m2\repository\io\netty\netty-codec-dns\4.2.12.Final\netty-codec-dns-4.2.12.Final.jar;C:\Users\Administrator\.m2\repository\org\springframework\data\spring-data-redis\4.0.5\spring-data-redis-4.0.5.jar;C:\Users\Administrator\.m2\repository\org\springframework\data\spring-data-keyvalue\4.0.5\spring-data-keyvalue-4.0.5.jar;C:\Users\Administrator\.m2\repository\org\springframework\spring-oxm\7.0.7\spring-oxm-7.0.7.jar;C:\Users\Administrator\.m2\repository\org\springframework\boot\spring-boot-netty\4.0.6\spring-boot-netty-4.0.6.jar;C:\Users\Administrator\.m2\repository\org\springframework\boot\spring-boot-starter-security\4.0.6\spring-boot-starter-security-4.0.6.jar;C:\Users\Administrator\.m2\repository\org\springframework\boot\spring-boot-security\4.0.6\spring-boot-security-4.0.6.jar;C:\Users\Administrator\.m2\repository\org\springframework\security\spring-security-config\7.0.5\spring-security-config-7.0.5.jar;C:\Users\Administrator\.m2\repository\org\springframework\security\spring-security-core\7.0.5\spring-security-core-7.0.5.jar;C:\Users\Administrator\.m2\repository\org\springframework\security\spring-security-crypto\7.0.5\spring-security-crypto-7.0.5.jar;C:\Users\Administrator\.m2\repository\org\springframework\security\spring-security-web\7.0.5\spring-security-web-7.0.5.jar;C:\Users\Administrator\.m2\repository\org\springframework\spring-aop\7.0.7\spring-aop-7.0.7.jar;C:\Users\Administrator\.m2\repository\org\springframework\spring-beans\7.0.7\spring-beans-7.0.7.jar;C:\Users\Administrator\.m2\repository\me\paulschwarz\springboot4-dotenv\5.1.0\springboot4-dotenv-5.1.0.jar;C:\Users\Administrator\.m2\repository\me\paulschwarz\spring-dotenv\5.1.0\spring-dotenv-5.1.0.jar;C:\Users\Administrator\.m2\repository\io\github\cdimascio\dotenv-java\3.2.0\dotenv-java-3.2.0.jar;C:\Users\Administrator\.m2\repository\org\postgresql\postgresql\42.7.10\postgresql-42.7.10.jar;C:\Users\Administrator\.m2\repository\org\checkerframework\checker-qual\3.52.0\checker-qual-3.52.0.jar;C:\Users\Administrator\.m2\repository\redis\clients\jedis\7.2.0\jedis-7.2.0.jar;C:\Users\Administrator\.m2\repository\org\slf4j\slf4j-api\2.0.17\slf4j-api-2.0.17.jar;C:\Users\Administrator\.m2\repository\org\apache\commons\commons-pool2\2.12.1\commons-pool2-2.12.1.jar;C:\Users\Administrator\.m2\repository\org\json\json\20250517\json-20250517.jar;C:\Users\Administrator\.m2\repository\com\google\code\gson\gson\2.13.2\gson-2.13.2.jar;C:\Users\Administrator\.m2\repository\com\google\errorprone\error_prone_annotations\2.41.0\error_prone_annotations-2.41.0.jar;C:\Users\Administrator\.m2\repository\redis\clients\authentication\redis-authx-core\0.1.1-beta2\redis-authx-core-0.1.1-beta2.jar;C:\Users\Administrator\.m2\repository\org\mapstruct\mapstruct\1.7.0.Beta1\mapstruct-1.7.0.Beta1.jar;C:\Users\Administrator\.m2\repository\org\projectlombok\lombok\1.18.46\lombok-1.18.46.jar;C:\Users\Administrator\.m2\repository\org\springframework\boot\spring-boot-devtools\4.0.6\spring-boot-devtools-4.0.6.jar;C:\Users\Administrator\.m2\repository\org\springframework\boot\spring-boot\4.0.6\spring-boot-4.0.6.jar;C:\Users\Administrator\.m2\repository\org\springframework\boot\spring-boot-autoconfigure\4.0.6\spring-boot-autoconfigure-4.0.6.jar;C:\Users\Administrator\.m2\repository\io\jsonwebtoken\jjwt-api\0.12.5\jjwt-api-0.12.5.jar;C:\Users\Administrator\.m2\repository\io\jsonwebtoken\jjwt-impl\0.12.6\jjwt-impl-0.12.6.jar;C:\Users\Administrator\.m2\repository\io\jsonwebtoken\jjwt-jackson\0.12.5\jjwt-jackson-0.12.5.jar;C:\Users\Administrator\.m2\repository\com\fasterxml\jackson\core\jackson-databind\2.21.2\jackson-databind-2.21.2.jar;C:\Users\Administrator\.m2\repository\com\fasterxml\jackson\core\jackson-annotations\2.21\jackson-annotations-2.21.jar;C:\Users\Administrator\.m2\repository\com\fasterxml\jackson\core\jackson-core\2.21.2\jackson-core-2.21.2.jar;C:\Users\Administrator\.m2\repository\org\apache\pdfbox\pdfbox\3.0.1\pdfbox-3.0.1.jar;C:\Users\Administrator\.m2\repository\org\apache\pdfbox\pdfbox-io\3.0.1\pdfbox-io-3.0.1.jar;C:\Users\Administrator\.m2\repository\org\apache\pdfbox\fontbox\3.0.1\fontbox-3.0.1.jar;C:\Users\Administrator\.m2\repository\commons-logging\commons-logging\1.3.6\commons-logging-1.3.6.jar;C:\Users\Administrator\.m2\repository\org\junit\jupiter\junit-jupiter\6.0.3\junit-jupiter-6.0.3.jar;C:\Users\Administrator\.m2\repository\org\junit\jupiter\junit-jupiter-api\6.0.3\junit-jupiter-api-6.0.3.jar;C:\Users\Administrator\.m2\repository\org\opentest4j\opentest4j\1.3.0\opentest4j-1.3.0.jar;C:\Users\Administrator\.m2\repository\org\junit\platform\junit-platform-commons\6.0.3\junit-platform-commons-6.0.3.jar;C:\Users\Administrator\.m2\repository\org\apiguardian\apiguardian-api\1.1.2\apiguardian-api-1.1.2.jar;C:\Users\Administrator\.m2\repository\org\junit\jupiter\junit-jupiter-params\6.0.3\junit-jupiter-params-6.0.3.jar;C:\Users\Administrator\.m2\repository\org\junit\jupiter\junit-jupiter-engine\6.0.3\junit-jupiter-engine-6.0.3.jar;C:\Users\Administrator\.m2\repository\org\junit\platform\junit-platform-engine\6.0.3\junit-platform-engine-6.0.3.jar;C:\Users\Administrator\.m2\repository\jakarta\xml\bind\jakarta.xml.bind-api\4.0.4\jakarta.xml.bind-api-4.0.4.jar;C:\Users\Administrator\.m2\repository\jakarta\activation\jakarta.activation-api\2.1.4\jakarta.activation-api-2.1.4.jar;C:\Users\Administrator\.m2\repository\net\bytebuddy\byte-buddy\1.17.8\byte-buddy-1.17.8.jar;C:\Users\Administrator\.m2\repository\org\springframework\spring-core\7.0.7\spring-core-7.0.7.jar;C:\Users\Administrator\.m2\repository\org\jspecify\jspecify\1.0.0\jspecify-1.0.0.jar;C:\Users\Administrator\.m2\repository\org\springframework\boot\spring-boot-starter-validation\4.0.6\spring-boot-starter-validation-4.0.6.jar;C:\Users\Administrator\.m2\repository\org\springframework\boot\spring-boot-validation\4.0.6\spring-boot-validation-4.0.6.jar;C:\Users\Administrator\.m2\repository\org\apache\tomcat\embed\tomcat-embed-el\11.0.21\tomcat-embed-el-11.0.21.jar;C:\Users\Administrator\.m2\repository\org\hibernate\validator\hibernate-validator\9.0.1.Final\hibernate-validator-9.0.1.Final.jar;C:\Users\Administrator\.m2\repository\jakarta\validation\jakarta.validation-api\3.1.1\jakarta.validation-api-3.1.1.jar;C:\Users\Administrator\.m2\repository\org\springframework\boot\spring-boot-starter-actuator\4.0.6\spring-boot-starter-actuator-4.0.6.jar;C:\Users\Administrator\.m2\repository\org\springframework\boot\spring-boot-starter-micrometer-metrics\4.0.6\spring-boot-starter-micrometer-metrics-4.0.6.jar;C:\Users\Administrator\.m2\repository\org\springframework\boot\spring-boot-micrometer-metrics\4.0.6\spring-boot-micrometer-metrics-4.0.6.jar;C:\Users\Administrator\.m2\repository\org\springframework\boot\spring-boot-micrometer-observation\4.0.6\spring-boot-micrometer-observation-4.0.6.jar;C:\Users\Administrator\.m2\repository\org\springframework\boot\spring-boot-actuator-autoconfigure\4.0.6\spring-boot-actuator-autoconfigure-4.0.6.jar;C:\Users\Administrator\.m2\repository\org\springframework\boot\spring-boot-actuator\4.0.6\spring-boot-actuator-4.0.6.jar;C:\Users\Administrator\.m2\repository\org\springframework\boot\spring-boot-health\4.0.6\spring-boot-health-4.0.6.jar;C:\Users\Administrator\.m2\repository\io\micrometer\micrometer-observation\1.16.5\micrometer-observation-1.16.5.jar;C:\Users\Administrator\.m2\repository\io\micrometer\micrometer-commons\1.16.5\micrometer-commons-1.16.5.jar;C:\Users\Administrator\.m2\repository\io\micrometer\micrometer-jakarta9\1.16.5\micrometer-jakarta9-1.16.5.jar;C:\Users\Administrator\.m2\repository\io\micrometer\micrometer-core\1.16.5\micrometer-core-1.16.5.jar;C:\Users\Administrator\.m2\repository\org\hdrhistogram\HdrHistogram\2.2.2\HdrHistogram-2.2.2.jar;C:\Users\Administrator\.m2\repository\org\latencyutils\LatencyUtils\2.0.3\LatencyUtils-2.0.3.jar;C:\Users\Administrator\.m2\repository\org\springframework\boot\spring-boot-starter-mail\4.1.0-RC1\spring-boot-starter-mail-4.1.0-RC1.jar;C:\Users\Administrator\.m2\repository\org\springframework\boot\spring-boot-mail\4.0.6\spring-boot-mail-4.0.6.jar;C:\Users\Administrator\.m2\repository\org\springframework\spring-context-support\7.0.7\spring-context-support-7.0.7.jar;C:\Users\Administrator\.m2\repository\jakarta\mail\jakarta.mail-api\2.1.5\jakarta.mail-api-2.1.5.jar;C:\Users\Administrator\.m2\repository\org\eclipse\angus\angus-mail\2.0.5\angus-mail-2.0.5.jar;C:\Users\Administrator\.m2\repository\org\eclipse\angus\angus-activation\2.0.3\angus-activation-2.0.3.jar;C:\Users\Administrator\.m2\repository\org\hibernate\orm\hibernate-envers\7.4.3.Final\hibernate-envers-7.4.3.Final.jar;C:\Users\Administrator\.m2\repository\org\hibernate\orm\hibernate-core\7.2.12.Final\hibernate-core-7.2.12.Final.jar;C:\Users\Administrator\.m2\repository\jakarta\persistence\jakarta.persistence-api\3.2.0\jakarta.persistence-api-3.2.0.jar;C:\Users\Administrator\.m2\repository\jakarta\transaction\jakarta.transaction-api\2.0.1\jakarta.transaction-api-2.0.1.jar;C:\Users\Administrator\.m2\repository\com\fasterxml\classmate\1.7.3\classmate-1.7.3.jar;C:\Users\Administrator\.m2\repository\jakarta\inject\jakarta.inject-api\2.0.1\jakarta.inject-api-2.0.1.jar;C:\Users\Administrator\.m2\repository\org\antlr\antlr4-runtime\4.13.2\antlr4-runtime-4.13.2.jar;C:\Users\Administrator\.m2\repository\org\jboss\logging\jboss-logging\3.6.3.Final\jboss-logging-3.6.3.Final.jar;C:\Users\Administrator\.m2\repository\org\hibernate\models\hibernate-models\1.1.1\hibernate-models-1.1.1.jar;C:\Users\Administrator\.m2\repository\org\glassfish\jaxb\jaxb-runtime\4.0.6\jaxb-runtime-4.0.6.jar;C:\Users\Administrator\.m2\repository\org\glassfish\jaxb\jaxb-core\4.0.6\jaxb-core-4.0.6.jar;C:\Users\Administrator\.m2\repository\org\glassfish\jaxb\txw2\4.0.6\txw2-4.0.6.jar;C:\Users\Administrator\.m2\repository\com\sun\istack\istack-commons-runtime\4.1.2\istack-commons-runtime-4.1.2.jar;C:\Users\Administrator\.m2\repository\io\smallrye\jandex\3.3.2\jandex-3.3.2.jar;C:\Users\Administrator\.m2\repository\com\google\firebase\firebase-admin\9.8.0\firebase-admin-9.8.0.jar;C:\Users\Administrator\.m2\repository\com\google\auth\google-auth-library-oauth2-http\1.42.1\google-auth-library-oauth2-http-1.42.1.jar;C:\Users\Administrator\.m2\repository\com\google\auto\value\auto-value-annotations\1.11.0\auto-value-annotations-1.11.0.jar;C:\Users\Administrator\.m2\repository\com\google\code\findbugs\jsr305\3.0.2\jsr305-3.0.2.jar;C:\Users\Administrator\.m2\repository\com\google\auth\google-auth-library-credentials\1.42.1\google-auth-library-credentials-1.42.1.jar;C:\Users\Administrator\.m2\repository\com\google\http-client\google-http-client-gson\2.1.0\google-http-client-gson-2.1.0.jar;C:\Users\Administrator\.m2\repository\com\google\api-client\google-api-client\2.7.2\google-api-client-2.7.2.jar;C:\Users\Administrator\.m2\repository\com\google\oauth-client\google-oauth-client\1.36.0\google-oauth-client-1.36.0.jar;C:\Users\Administrator\.m2\repository\com\google\http-client\google-http-client-apache-v2\1.45.2\google-http-client-apache-v2-1.45.2.jar;C:\Users\Administrator\.m2\repository\org\apache\httpcomponents\httpcore\4.4.16\httpcore-4.4.16.jar;C:\Users\Administrator\.m2\repository\com\google\api-client\google-api-client-gson\2.7.2\google-api-client-gson-2.7.2.jar;C:\Users\Administrator\.m2\repository\com\google\http-client\google-http-client\2.1.0\google-http-client-2.1.0.jar;C:\Users\Administrator\.m2\repository\com\google\j2objc\j2objc-annotations\3.0.0\j2objc-annotations-3.0.0.jar;C:\Users\Administrator\.m2\repository\io\grpc\grpc-context\1.70.0\grpc-context-1.70.0.jar;C:\Users\Administrator\.m2\repository\io\opencensus\opencensus-api\0.31.1\opencensus-api-0.31.1.jar;C:\Users\Administrator\.m2\repository\io\opencensus\opencensus-contrib-http-util\0.31.1\opencensus-contrib-http-util-0.31.1.jar;C:\Users\Administrator\.m2\repository\com\google\api\api-common\2.57.1\api-common-2.57.1.jar;C:\Users\Administrator\.m2\repository\javax\annotation\javax.annotation-api\1.3.2\javax.annotation-api-1.3.2.jar;C:\Users\Administrator\.m2\repository\com\google\cloud\google-cloud-storage\2.63.0\google-cloud-storage-2.63.0.jar;C:\Users\Administrator\.m2\repository\com\fasterxml\jackson\dataformat\jackson-dataformat-xml\2.21.2\jackson-dataformat-xml-2.21.2.jar;C:\Users\Administrator\.m2\repository\org\codehaus\woodstox\stax2-api\4.2.2\stax2-api-4.2.2.jar;C:\Users\Administrator\.m2\repository\com\fasterxml\woodstox\woodstox-core\7.0.0\woodstox-core-7.0.0.jar;C:\Users\Administrator\.m2\repository\com\fasterxml\jackson\datatype\jackson-datatype-jsr310\2.21.2\jackson-datatype-jsr310-2.21.2.jar;C:\Users\Administrator\.m2\repository\com\google\guava\failureaccess\1.0.3\failureaccess-1.0.3.jar;C:\Users\Administrator\.m2\repository\com\google\guava\listenablefuture\9999.0-empty-to-avoid-conflict-with-guava\listenablefuture-9999.0-empty-to-avoid-conflict-with-guava.jar;C:\Users\Administrator\.m2\repository\com\google\http-client\google-http-client-jackson2\2.1.0\google-http-client-jackson2-2.1.0.jar;C:\Users\Administrator\.m2\repository\com\google\apis\google-api-services-storage\v1-rev20251118-2.0.0\google-api-services-storage-v1-rev20251118-2.0.0.jar;C:\Users\Administrator\.m2\repository\com\google\cloud\google-cloud-core\2.64.1\google-cloud-core-2.64.1.jar;C:\Users\Administrator\.m2\repository\com\google\cloud\google-cloud-core-http\2.64.1\google-cloud-core-http-2.64.1.jar;C:\Users\Administrator\.m2\repository\com\google\http-client\google-http-client-appengine\2.1.0\google-http-client-appengine-2.1.0.jar;C:\Users\Administrator\.m2\repository\com\google\api\gax-httpjson\2.74.1\gax-httpjson-2.74.1.jar;C:\Users\Administrator\.m2\repository\com\google\cloud\google-cloud-core-grpc\2.64.1\google-cloud-core-grpc-2.64.1.jar;C:\Users\Administrator\.m2\repository\com\google\api\gax\2.74.1\gax-2.74.1.jar;C:\Users\Administrator\.m2\repository\com\google\api\gax-grpc\2.74.1\gax-grpc-2.74.1.jar;C:\Users\Administrator\.m2\repository\io\grpc\grpc-inprocess\1.76.2\grpc-inprocess-1.76.2.jar;C:\Users\Administrator\.m2\repository\io\grpc\grpc-alts\1.76.2\grpc-alts-1.76.2.jar;C:\Users\Administrator\.m2\repository\io\grpc\grpc-grpclb\1.76.2\grpc-grpclb-1.76.2.jar;C:\Users\Administrator\.m2\repository\org\conscrypt\conscrypt-openjdk-uber\2.5.2\conscrypt-openjdk-uber-2.5.2.jar;C:\Users\Administrator\.m2\repository\io\grpc\grpc-auth\1.76.2\grpc-auth-1.76.2.jar;C:\Users\Administrator\.m2\repository\io\opentelemetry\opentelemetry-context\1.55.0\opentelemetry-context-1.55.0.jar;C:\Users\Administrator\.m2\repository\io\opentelemetry\opentelemetry-common\1.55.0\opentelemetry-common-1.55.0.jar;C:\Users\Administrator\.m2\repository\com\google\api\grpc\proto-google-iam-v1\1.60.1\proto-google-iam-v1-1.60.1.jar;C:\Users\Administrator\.m2\repository\com\google\protobuf\protobuf-java\4.33.2\protobuf-java-4.33.2.jar;C:\Users\Administrator\.m2\repository\com\google\protobuf\protobuf-java-util\4.33.2\protobuf-java-util-4.33.2.jar;C:\Users\Administrator\.m2\repository\io\grpc\grpc-core\1.76.2\grpc-core-1.76.2.jar;C:\Users\Administrator\.m2\repository\com\google\android\annotations\4.1.1.4\annotations-4.1.1.4.jar;C:\Users\Administrator\.m2\repository\org\codehaus\mojo\animal-sniffer-annotations\1.24\animal-sniffer-annotations-1.24.jar;C:\Users\Administrator\.m2\repository\io\perfmark\perfmark-api\0.27.0\perfmark-api-0.27.0.jar;C:\Users\Administrator\.m2\repository\io\grpc\grpc-protobuf\1.76.2\grpc-protobuf-1.76.2.jar;C:\Users\Administrator\.m2\repository\io\grpc\grpc-protobuf-lite\1.76.2\grpc-protobuf-lite-1.76.2.jar;C:\Users\Administrator\.m2\repository\com\google\api\grpc\proto-google-common-protos\2.65.1\proto-google-common-protos-2.65.1.jar;C:\Users\Administrator\.m2\repository\org\threeten\threetenbp\1.7.0\threetenbp-1.7.0.jar;C:\Users\Administrator\.m2\repository\com\google\api\grpc\proto-google-cloud-storage-v2\2.63.0\proto-google-cloud-storage-v2-2.63.0.jar;C:\Users\Administrator\.m2\repository\com\google\api\grpc\grpc-google-cloud-storage-v2\2.63.0\grpc-google-cloud-storage-v2-2.63.0.jar;C:\Users\Administrator\.m2\repository\com\google\api\grpc\gapic-google-cloud-storage-v2\2.63.0\gapic-google-cloud-storage-v2-2.63.0.jar;C:\Users\Administrator\.m2\repository\io\opentelemetry\opentelemetry-sdk\1.55.0\opentelemetry-sdk-1.55.0.jar;C:\Users\Administrator\.m2\repository\io\opentelemetry\opentelemetry-sdk-trace\1.55.0\opentelemetry-sdk-trace-1.55.0.jar;C:\Users\Administrator\.m2\repository\io\opentelemetry\opentelemetry-sdk-logs\1.55.0\opentelemetry-sdk-logs-1.55.0.jar;C:\Users\Administrator\.m2\repository\io\grpc\grpc-opentelemetry\1.76.2\grpc-opentelemetry-1.76.2.jar;C:\Users\Administrator\.m2\repository\io\opentelemetry\opentelemetry-api\1.55.0\opentelemetry-api-1.55.0.jar;C:\Users\Administrator\.m2\repository\io\opentelemetry\opentelemetry-sdk-metrics\1.55.0\opentelemetry-sdk-metrics-1.55.0.jar;C:\Users\Administrator\.m2\repository\io\opentelemetry\opentelemetry-sdk-common\1.55.0\opentelemetry-sdk-common-1.55.0.jar;C:\Users\Administrator\.m2\repository\io\opentelemetry\opentelemetry-sdk-extension-autoconfigure-spi\1.55.0\opentelemetry-sdk-extension-autoconfigure-spi-1.55.0.jar;C:\Users\Administrator\.m2\repository\io\opentelemetry\semconv\opentelemetry-semconv\1.29.0-alpha\opentelemetry-semconv-1.29.0-alpha.jar;C:\Users\Administrator\.m2\repository\com\google\cloud\opentelemetry\exporter-metrics\0.33.0\exporter-metrics-0.33.0.jar;C:\Users\Administrator\.m2\repository\com\google\cloud\google-cloud-monitoring\3.52.0\google-cloud-monitoring-3.52.0.jar;C:\Users\Administrator\.m2\repository\com\google\api\grpc\proto-google-cloud-monitoring-v3\3.52.0\proto-google-cloud-monitoring-v3-3.52.0.jar;C:\Users\Administrator\.m2\repository\com\google\cloud\opentelemetry\shared-resourcemapping\0.33.0\shared-resourcemapping-0.33.0.jar;C:\Users\Administrator\.m2\repository\io\opentelemetry\contrib\opentelemetry-gcp-resources\1.37.0-alpha\opentelemetry-gcp-resources-1.37.0-alpha.jar;C:\Users\Administrator\.m2\repository\com\google\cloud\opentelemetry\detector-resources-support\0.33.0\detector-resources-support-0.33.0.jar;C:\Users\Administrator\.m2\repository\io\grpc\grpc-api\1.76.2\grpc-api-1.76.2.jar;C:\Users\Administrator\.m2\repository\io\grpc\grpc-netty-shaded\1.76.2\grpc-netty-shaded-1.76.2.jar;C:\Users\Administrator\.m2\repository\io\grpc\grpc-util\1.76.2\grpc-util-1.76.2.jar;C:\Users\Administrator\.m2\repository\io\grpc\grpc-stub\1.76.2\grpc-stub-1.76.2.jar;C:\Users\Administrator\.m2\repository\io\grpc\grpc-googleapis\1.76.2\grpc-googleapis-1.76.2.jar;C:\Users\Administrator\.m2\repository\io\grpc\grpc-xds\1.76.2\grpc-xds-1.76.2.jar;C:\Users\Administrator\.m2\repository\io\grpc\grpc-services\1.76.2\grpc-services-1.76.2.jar;C:\Users\Administrator\.m2\repository\com\google\re2j\re2j\1.8\re2j-1.8.jar;C:\Users\Administrator\.m2\repository\io\grpc\grpc-rls\1.76.2\grpc-rls-1.76.2.jar;C:\Users\Administrator\.m2\repository\com\google\cloud\google-cloud-firestore\3.37.0\google-cloud-firestore-3.37.0.jar;C:\Users\Administrator\.m2\repository\com\google\api\grpc\proto-google-cloud-firestore-v1\3.37.0\proto-google-cloud-firestore-v1-3.37.0.jar;C:\Users\Administrator\.m2\repository\com\google\cloud\proto-google-cloud-firestore-bundle-v1\3.37.0\proto-google-cloud-firestore-bundle-v1-3.37.0.jar;C:\Users\Administrator\.m2\repository\io\opentelemetry\instrumentation\opentelemetry-grpc-1.6\2.1.0-alpha\opentelemetry-grpc-1.6-2.1.0-alpha.jar;C:\Users\Administrator\.m2\repository\io\opentelemetry\instrumentation\opentelemetry-instrumentation-api\2.1.0\opentelemetry-instrumentation-api-2.1.0.jar;C:\Users\Administrator\.m2\repository\io\opentelemetry\opentelemetry-extension-incubator\1.35.0-alpha\opentelemetry-extension-incubator-1.35.0-alpha.jar;C:\Users\Administrator\.m2\repository\io\opentelemetry\instrumentation\opentelemetry-instrumentation-api-incubator\2.1.0-alpha\opentelemetry-instrumentation-api-incubator-2.1.0-alpha.jar;C:\Users\Administrator\.m2\repository\com\google\guava\guava\33.5.0-jre\guava-33.5.0-jre.jar;C:\Users\Administrator\.m2\repository\io\netty\netty-codec-http\4.2.12.Final\netty-codec-http-4.2.12.Final.jar;C:\Users\Administrator\.m2\repository\io\netty\netty-common\4.2.12.Final\netty-common-4.2.12.Final.jar;C:\Users\Administrator\.m2\repository\io\netty\netty-buffer\4.2.12.Final\netty-buffer-4.2.12.Final.jar;C:\Users\Administrator\.m2\repository\io\netty\netty-codec-base\4.2.12.Final\netty-codec-base-4.2.12.Final.jar;C:\Users\Administrator\.m2\repository\io\netty\netty-codec-compression\4.2.12.Final\netty-codec-compression-4.2.12.Final.jar;C:\Users\Administrator\.m2\repository\io\netty\netty-handler\4.2.12.Final\netty-handler-4.2.12.Final.jar;C:\Users\Administrator\.m2\repository\io\netty\netty-resolver\4.2.12.Final\netty-resolver-4.2.12.Final.jar;C:\Users\Administrator\.m2\repository\io\netty\netty-transport-native-unix-common\4.2.12.Final\netty-transport-native-unix-common-4.2.12.Final.jar;C:\Users\Administrator\.m2\repository\io\netty\netty-transport\4.2.12.Final\netty-transport-4.2.12.Final.jar;C:\Users\Administrator\.m2\repository\org\apache\httpcomponents\client5\httpclient5\5.5.2\httpclient5-5.5.2.jar;C:\Users\Administrator\.m2\repository\org\apache\httpcomponents\core5\httpcore5\5.3.6\httpcore5-5.3.6.jar;C:\Users\Administrator\.m2\repository\org\apache\httpcomponents\core5\httpcore5-h2\5.3.6\httpcore5-h2-5.3.6.jar;C:\Users\Administrator\.m2\repository\org\springframework\cloud\spring-cloud-gcp-data-spanner\1.2.8.RELEASE\spring-cloud-gcp-data-spanner-1.2.8.RELEASE.jar;C:\Users\Administrator\.m2\repository\com\google\cloud\google-cloud-spanner\3.1.1\google-cloud-spanner-3.1.1.jar;C:\Users\Administrator\.m2\repository\org\apache\commons\commons-lang3\3.19.0\commons-lang3-3.19.0.jar;C:\Users\Administrator\.m2\repository\com\google\api\grpc\grpc-google-common-protos\2.0.1\grpc-google-common-protos-2.0.1.jar;C:\Users\Administrator\.m2\repository\org\checkerframework\checker-compat-qual\2.5.5\checker-compat-qual-2.5.5.jar;C:\Users\Administrator\.m2\repository\io\opencensus\opencensus-contrib-grpc-util\0.24.0\opencensus-contrib-grpc-util-0.24.0.jar;C:\Users\Administrator\.m2\repository\com\google\api\grpc\proto-google-cloud-spanner-admin-instance-v1\3.1.1\proto-google-cloud-spanner-admin-instance-v1-3.1.1.jar;C:\Users\Administrator\.m2\repository\com\google\api\grpc\proto-google-cloud-spanner-v1\3.1.1\proto-google-cloud-spanner-v1-3.1.1.jar;C:\Users\Administrator\.m2\repository\com\google\api\grpc\proto-google-cloud-spanner-admin-database-v1\3.1.1\proto-google-cloud-spanner-admin-database-v1-3.1.1.jar;C:\Users\Administrator\.m2\repository\com\google\api\grpc\grpc-google-cloud-spanner-admin-instance-v1\3.1.1\grpc-google-cloud-spanner-admin-instance-v1-3.1.1.jar;C:\Users\Administrator\.m2\repository\com\google\api\grpc\grpc-google-cloud-spanner-v1\3.1.1\grpc-google-cloud-spanner-v1-3.1.1.jar;C:\Users\Administrator\.m2\repository\com\google\api\grpc\grpc-google-cloud-spanner-admin-database-v1\3.1.1\grpc-google-cloud-spanner-admin-database-v1-3.1.1.jar;C:\Users\Administrator\.m2\repository\org\springframework\data\spring-data-commons\4.0.5\spring-data-commons-4.0.5.jar;C:\Users\Administrator\.m2\repository\org\springframework\spring-context\7.0.7\spring-context-7.0.7.jar;C:\Users\Administrator\.m2\repository\org\springframework\spring-expression\7.0.7\spring-expression-7.0.7.jar;C:\Users\Administrator\.m2\repository\org\springframework\cloud\spring-cloud-gcp-core\1.2.8.RELEASE\spring-cloud-gcp-core-1.2.8.RELEASE.jar;C:\Users\Administrator\.m2\repository\org\springframework\spring-tx\7.0.7\spring-tx-7.0.7.jar;C:\Users\Administrator\.m2\repository\com\warrenstrange\googleauth\1.5.0\googleauth-1.5.0.jar;C:\Users\Administrator\.m2\repository\commons-codec\commons-codec\1.19.0\commons-codec-1.19.0.jar;C:\Users\Administrator\.m2\repository\org\apache\httpcomponents\httpclient\4.5.12\httpclient-4.5.12.jar;C:\Users\Administrator\.m2\repository\org\springdoc\springdoc-openapi-starter-webmvc-ui\2.5.0\springdoc-openapi-starter-webmvc-ui-2.5.0.jar;C:\Users\Administrator\.m2\repository\org\springdoc\springdoc-openapi-starter-webmvc-api\2.5.0\springdoc-openapi-starter-webmvc-api-2.5.0.jar;C:\Users\Administrator\.m2\repository\org\springdoc\springdoc-openapi-starter-common\2.5.0\springdoc-openapi-starter-common-2.5.0.jar;C:\Users\Administrator\.m2\repository\io\swagger\core\v3\swagger-core-jakarta\2.2.21\swagger-core-jakarta-2.2.21.jar;C:\Users\Administrator\.m2\repository\io\swagger\core\v3\swagger-annotations-jakarta\2.2.21\swagger-annotations-jakarta-2.2.21.jar;C:\Users\Administrator\.m2\repository\io\swagger\core\v3\swagger-models-jakarta\2.2.21\swagger-models-jakarta-2.2.21.jar;C:\Users\Administrator\.m2\repository\com\fasterxml\jackson\dataformat\jackson-dataformat-yaml\2.21.2\jackson-dataformat-yaml-2.21.2.jar;C:\Users\Administrator\.m2\repository\org\webjars\swagger-ui\5.13.0\swagger-ui-5.13.0.jar
Launcher Type: SUN_STANDARD

[Global flags]
     bool AOTAdapterCaching                        = false                                  {diagnostic} {ergonomic}
     bool AOTInvokeDynamicLinking                  = false                                  {diagnostic} {ergonomic}
     bool AOTRecordTraining                        = false                                  {diagnostic} {ergonomic}
     bool AOTReplayTraining                        = false                                  {diagnostic} {ergonomic}
     bool AOTStubCaching                           = false                                  {diagnostic} {ergonomic}
     intx CICompilerCount                          = 4                                         {product} {ergonomic}
     uint ConcGCThreads                            = 2                                         {product} {ergonomic}
     uint G1ConcRefinementThreads                  = 8                                         {product} {ergonomic}
     uint G1EagerReclaimRemSetThreshold            = 16                                   {experimental} {ergonomic}
   size_t G1HeapRegionSize                         = 2097152                                   {product} {ergonomic}
     uint G1RemSetArrayOfCardsEntries              = 16                                   {experimental} {ergonomic}
     uint G1RemSetHowlMaxNumBuckets                = 8                                    {experimental} {ergonomic}
     uint G1RemSetHowlNumBuckets                   = 8                                    {experimental} {ergonomic}
   size_t InitialHeapSize                          = 8388608                                   {product} {ergonomic}
     bool IntelJccErratumMitigation                = false                             {ARCH diagnostic} {ergonomic}
   size_t MarkStackSize                            = 4194304                                   {product} {ergonomic}
   size_t MarkStackSizeMax                         = 536870912                                 {product} {ergonomic}
   size_t MaxHeapSize                              = 4213178368                                {product} {ergonomic}
   size_t MaxNewSize                               = 2527068160                                {product} {ergonomic}
 uint64_t MaxRAM                                   = 16844550144                               {product} {ergonomic}
   size_t MinHeapDeltaBytes                        = 2097152                                   {product} {ergonomic}
   size_t MinHeapSize                              = 8388608                                   {product} {ergonomic}
   size_t NonNMethodCodeHeapSize                   = 4096                                   {pd product} {ergonomic}
   size_t NonProfiledCodeHeapSize                  = 0                                      {pd product} {ergonomic}
     bool ProfileInterpreter                       = false                                  {pd product} {command line}
   size_t ProfiledCodeHeapSize                     = 0                                      {pd product} {ergonomic}
   size_t SoftMaxHeapSize                          = 4213178368                             {manageable} {ergonomic}
     intx TieredStopAtLevel                        = 1                                         {product} {command line}
     bool UseCompressedOops                        = true                           {product lp64_product} {ergonomic}
     bool UseCondCardMark                          = true                                      {product} {ergonomic}
     bool UseFastUnorderedTimeStamps               = true                                 {experimental} {ergonomic}
     bool UseG1GC                                  = true                                      {product} {ergonomic}
     bool UseLargePagesIndividualAllocation        = false                                  {pd product} {ergonomic}
      int X86ICacheSync                            = 3                                 {ARCH diagnostic} {ergonomic}

Logging:
Log output configuration:
 #0: stdout all=warning uptime,level,tags foldmultilines=false
 #1: stderr all=off uptime,level,tags foldmultilines=false

Release file:
IMPLEMENTOR="Oracle Corporation" 
JAVA_RUNTIME_VERSION="26.0.1+8-34" 
JAVA_VERSION="26.0.1" 
JAVA_VERSION_DATE="2026-04-21" 
LIBC="default" 
MODULES="java.base java.compiler java.datatransfer java.xml java.prefs java.desktop java.instrument java.logging java.management java.security.sasl java.naming java.rmi java.management.rmi java.net.http java.scripting java.security.jgss java.transaction.xa java.sql java.sql.rowset java.xml.crypto java.se java.smartcardio jdk.accessibility jdk.internal.jvmstat jdk.attach jdk.charsets jdk.internal.opt jdk.zipfs jdk.compiler jdk.crypto.cryptoki jdk.crypto.ec jdk.crypto.mscapi jdk.dynalink jdk.internal.ed jdk.editpad jdk.internal.vm.ci jdk.graal.compiler jdk.graal.compiler.management jdk.hotspot.agent jdk.httpserver jdk.incubator.vector jdk.internal.le jdk.internal.md jdk.jartool jdk.javadoc jdk.jcmd jdk.management jdk.management.agent jdk.jconsole jdk.jdeps jdk.jdwp.agent jdk.jdi jdk.jfr jdk.jlink jdk.jpackage jdk.jshell jdk.jstatd jdk.localedata jdk.management.jfr jdk.naming.dns jdk.naming.rmi jdk.net jdk.nio.mapmode jdk.sctp jdk.security.auth jdk.security.jgss jdk.unsupported jdk.unsupported.desktop jdk.xml.dom" 
OS_ARCH="x86_64" 
OS_NAME="Windows" 
SOURCE=".:git:8fcde8268d22 open:git:fcc00fc4aee7" 

Environment Variables:
JAVA_HOME=C:\Program Files\Eclipse Adoptium\jdk-17.0.19.10-hotspot\
PATH=C:\Program Files\Common Files\Oracle\Java\javapath;C:\Program Files (x86)\Common Files\Oracle\Java\java8path;C:\Program Files (x86)\Common Files\Oracle\Java\javapath;C:\Program Files\Eclipse Adoptium\jdk-17.0.19.10-hotspot\bin;C:\Python314\Scripts\;C:\Python314\;C:\WINDOWS\system32;C:\WINDOWS;C:\WINDOWS\System32\Wbem;C:\WINDOWS\System32\WindowsPowerShell\v1.0\;C:\WINDOWS\System32\OpenSSH\;C:\Program Files\Git\cmd;C:\Program Files\nodejs\;C:\ProgramData\chocolatey\bin;C:\tools\php85;C:\ProgramData\ComposerSetup\bin;C:\Program Files\PuTTY\;C:\Users\Administrator\AppData\Local\Microsoft\WindowsApps;C:\Users\Administrator\AppData\Local\Programs\Microsoft VS Code\bin;C:\app\flutter\bin;C:\Users\Administrator\AppData\Roaming\npm;C:\Program Files\cmdline-tools\bin;C:\Program Files\php;C:\Users\Administrator\.local\bin;C:\Users\Administrator\AppData\Local\Programs\Warp\bin;C:\Users\Administrator\AppData\Roaming\Composer\vendor\bin;C:\Users\Administrator\AppData\Roaming\Python\Python314\Scripts;C:\Users\Administrator\AppData\Local\Microsoft\WinGet\Packages\Ookla.Speedtest.CLI_Microsoft.Winget.Source_8wekyb3d8bbwe;C:\Program Files\Java\jdk-26.0.1\bin;C:\Users\Administrator\AppData\Local\Pub\Cache\bin;;C:\Users\Administrator\AppData\Local\Programs\DockerDesktop\resources\bin;C:\Users\Administrator\AppData\Local\Microsoft\WinGet\Packages\Google.PlatformTools_Microsoft.Winget.Source_8wekyb3d8bbwe\platform-tools;
USERNAME=Administrator
OS=Windows_NT
PROCESSOR_IDENTIFIER=Intel64 Family 6 Model 140 Stepping 1, GenuineIntel
TMP=C:\Users\ADMINI~1\AppData\Local\Temp
TEMP=C:\Users\ADMINI~1\AppData\Local\Temp




Compilation memory statistics disabled.

Periodic native trim disabled

---------------  S Y S T E M  ---------------

OS:
 Windows 11 , 64 bit Build 26100 (10.0.26100.9168)
OS uptime: 16 days 6:47 hours
Hyper-V role detected

CPU: total 8 (initial active 8) (4 cores per cpu, 2 threads per core) family 6 model 140 stepping 1 microcode 0xbe, cx8, cmov, fxsr, ht, mmx, 3dnowpref, sse, sse2, sse3, ssse3, sse4.1, sse4.2, popcnt, lzcnt, tsc, tscinvbit, avx, avx2, aes, erms, clmul, bmi1, bmi2, adx, avx512f, avx512dq, avx512cd, avx512bw, avx512vl, sha, fma, vzeroupper, avx512_vpopcntdq, avx512_vpclmulqdq, avx512_vaes, avx512_vnni, clflush, clflushopt, clwb, avx512_vbmi2, avx512_vbmi, hv, rdtscp, rdpid, fsrm, gfni, avx512_bitalg, f16c, cet_ibt, cet_ss, avx512_ifma
Processor Information for processor 0
  Max Mhz: 2995, Current Mhz: 2995, Mhz Limit: 2995
Processor Information for processor 1
  Max Mhz: 2995, Current Mhz: 2995, Mhz Limit: 2995
Processor Information for processor 2
  Max Mhz: 2995, Current Mhz: 1198, Mhz Limit: 2995
Processor Information for processor 3
  Max Mhz: 2995, Current Mhz: 1198, Mhz Limit: 2995
Processor Information for processor 4
  Max Mhz: 2995, Current Mhz: 2995, Mhz Limit: 2995
Processor Information for processor 5
  Max Mhz: 2995, Current Mhz: 2995, Mhz Limit: 2995
Processor Information for processor 6
  Max Mhz: 2995, Current Mhz: 2995, Mhz Limit: 2995
Processor Information for processor 7
  Max Mhz: 2995, Current Mhz: 1198, Mhz Limit: 2995

Memory: 4k page, system-wide physical 16064M (230M free)
TotalPageFile size 51986M (AvailPageFile size 153M)
current process WorkingSet (physical memory assigned to process): 247M, peak: 565M
current process commit charge ("private bytes"): 385M, peak: 795M

vm_info: Java HotSpot(TM) 64-Bit Server VM (26.0.1+8-34) for windows-amd64 JRE (26.0.1+8-34), built on 2026-03-10T17:24:10Z with MS VC++ 17.13 (VS2022)

END.
