#
# There is insufficient memory for the Java Runtime Environment to continue.
# Native memory allocation (malloc) failed to allocate 2097152 bytes. Error detail: AllocateHeap
# Possible reasons:
#   The system is out of physical RAM or swap space
#   This process is running with CompressedOops enabled, and the Java Heap may be blocking the growth of the native heap
# Possible solutions:
#   Reduce memory load on the system
#   Increase physical memory or swap space
#   Check if swap backing store is full
#   Decrease Java heap size (-Xmx/-Xms)
#   Decrease number of Java threads
#   Decrease Java thread stack sizes (-Xss)
#   Set larger code cache with -XX:ReservedCodeCacheSize=
#   JVM is running with Zero Based Compressed Oops mode in which the Java heap is
#     placed in the first 32GB address space. The Java Heap base address is the
#     maximum limit for the native heap growth. Please use -XX:HeapBaseMinAddress
#     to set the Java Heap base and to place the Java Heap above 32GB virtual address.
# This output file may be truncated or incomplete.
#
#  Out of Memory Error (allocation.cpp:41), pid=29096, tid=30424
#
# JRE version: Java(TM) SE Runtime Environment (26.0.1+8) (build 26.0.1+8-34)
# Java VM: Java HotSpot(TM) 64-Bit Server VM (26.0.1+8-34, mixed mode, emulated-client, sharing, tiered, compressed oops, compressed class ptrs, g1 gc, windows-amd64)
# No core dump will be written. Minidumps are not enabled by default on client versions of Windows
#

---------------  S U M M A R Y ------------

Command Line: -XX:TieredStopAtLevel=1 -Dspring.output.ansi.enabled=always -javaagent:C:\Program Files\JetBrains\IntelliJ IDEA 2026.1.1\lib\idea_rt.jar=50060 -Dfile.encoding=UTF-8 -Dsun.stdout.encoding=UTF-8 -Dsun.stderr.encoding=UTF-8 com.jemigraph.jemigraph_backend.JemigraphBackendApplication

Host: 11th Gen Intel(R) Core(TM) i7-1185G7 @ 3.00GHz, 8 cores, 15G,  Windows 11 , 64 bit Build 26100 (10.0.26100.8875)
Time: Fri Aug  7 15:58:58 2026 E. Africa Standard Time elapsed time: 386.989385 seconds (0d 0h 6m 26s)

---------------  T H R E A D  ---------------

Current thread (0x000001d12bcf2ce0):  VMThread "VM Thread"          [id=30424, stack(0x00000041bf400000,0x00000041bf500000) (1024K)]

Stack: [0x00000041bf400000,0x00000041bf500000]
Native frames: (J=compiled Java code, j=interpreted, Vv=VM code, C=native code)
V  [jvm.dll+0x7d5879]  (no source info available)
V  [jvm.dll+0x7a37dd]  (no source info available)
V  [jvm.dll+0x9b0c10]  (no source info available)
V  [jvm.dll+0x9b3061]  (no source info available)
V  [jvm.dll+0x9b3773]  (no source info available)
V  [jvm.dll+0x30df76]  (no source info available)
V  [jvm.dll+0xf1097]  (no source info available)
V  [jvm.dll+0x3f2322]  (no source info available)
V  [jvm.dll+0x3ecca9]  (no source info available)
V  [jvm.dll+0x3d35e5]  (no source info available)
V  [jvm.dll+0x420199]  (no source info available)
V  [jvm.dll+0x9b9c21]  (no source info available)
V  [jvm.dll+0x9babeb]  (no source info available)
V  [jvm.dll+0x9bb0fc]  (no source info available)
V  [jvm.dll+0x9bb579]  (no source info available)
V  [jvm.dll+0x9bb823]  (no source info available)
V  [jvm.dll+0x94f649]  (no source info available)
V  [jvm.dll+0x7d7358]  (no source info available)
C  [ucrtbase.dll+0x2cd30]  (no source info available)
C  [KERNEL32.DLL+0x2e957]  (no source info available)
C  [ntdll.dll+0xaad6c]  (no source info available)

VM_Operation (0x00000041be9ff370): G1CollectFull, mode: safepoint, requested by thread 0x000001d130dfc260


---------------  P R O C E S S  ---------------

Threads class SMR info:
_java_thread_list=0x000001d1389c35d0, length=27, elements={
0x000001d12bd007c0, 0x000001d12bd01210, 0x000001d12bd04000, 0x000001d12bd05df0,
0x000001d12bd065a0, 0x000001d12bd12210, 0x000001d12bd1b3f0, 0x000001d1300ec9e0,
0x000001d130c046f0, 0x000001d130c04ea0, 0x000001d13141b7d0, 0x000001d130dfb2c0,
0x000001d130dff140, 0x000001d130dff910, 0x000001d130e000e0, 0x000001d130e02020,
0x000001d130e01850, 0x000001d130e01080, 0x000001d138109ac0, 0x000001d13810ba00,
0x000001d138110820, 0x000001d1387b97f0, 0x000001d138c66660, 0x000001d138c63f50,
0x000001d138c62010, 0x000001d130dfc260, 0x000001d1387b51a0
}

Java Threads: ( => current thread )
  0x000001d12bd007c0 JavaThread "Reference Handler"          daemon [_thread_blocked, id=43508, stack(0x00000041bf500000,0x00000041bf600000) (1024K)]
  0x000001d12bd01210 JavaThread "Finalizer"                  daemon [_thread_blocked, id=41488, stack(0x00000041bf600000,0x00000041bf700000) (1024K)]
  0x000001d12bd04000 JavaThread "Signal Dispatcher"          daemon [_thread_blocked, id=35380, stack(0x00000041bf700000,0x00000041bf800000) (1024K)]
  0x000001d12bd05df0 JavaThread "Attach Listener"            daemon [_thread_blocked, id=50680, stack(0x00000041bf800000,0x00000041bf900000) (1024K)]
  0x000001d12bd065a0 JavaThread "Service Thread"             daemon [_thread_blocked, id=42120, stack(0x00000041bf900000,0x00000041bfa00000) (1024K)]
  0x000001d12bd12210 JavaThread "Monitor Deflation Thread"   daemon [_thread_blocked, id=50436, stack(0x00000041bfa00000,0x00000041bfb00000) (1024K)]
  0x000001d12bd1b3f0 JavaThread "C1 CompilerThread0"         daemon [_thread_blocked, id=37904, stack(0x00000041bfb00000,0x00000041bfc00000) (1024K)]
  0x000001d1300ec9e0 JavaThread "Common-Cleaner"             daemon [_thread_blocked, id=26884, stack(0x00000041bfd00000,0x00000041bfe00000) (1024K)]
  0x000001d130c046f0 JavaThread "Monitor Ctrl-Break"         daemon [_thread_in_native, id=46528, stack(0x00000041c0200000,0x00000041c0300000) (1024K)]
  0x000001d130c04ea0 JavaThread "Notification Thread"        daemon [_thread_blocked, id=36244, stack(0x00000041c0300000,0x00000041c0400000) (1024K)]
  0x000001d13141b7d0 JavaThread "Cleaner-0"                  daemon [_thread_blocked, id=43308, stack(0x00000041c0d00000,0x00000041c0e00000) (1024K)]
  0x000001d130dfb2c0 JavaThread "httpclient-main-1"          daemon [_thread_blocked, id=43484, stack(0x00000041c1300000,0x00000041c1400000) (1024K)]
  0x000001d130dff140 JavaThread "httpclient-dispatch-1"      daemon [_thread_blocked, id=37776, stack(0x00000041c1400000,0x00000041c1500000) (1024K)]
  0x000001d130dff910 JavaThread "httpclient-dispatch-2"      daemon [_thread_blocked, id=11944, stack(0x00000041c1500000,0x00000041c1600000) (1024K)]
  0x000001d130e000e0 JavaThread "httpclient-dispatch-3"      daemon [_thread_blocked, id=4088, stack(0x00000041c1600000,0x00000041c1700000) (1024K)]
  0x000001d130e02020 JavaThread "httpclient-dispatch-4"      daemon [_thread_blocked, id=35788, stack(0x00000041c1700000,0x00000041c1800000) (1024K)]
  0x000001d130e01850 JavaThread "httpclient-dispatch-5"      daemon [_thread_blocked, id=26888, stack(0x00000041c1800000,0x00000041c1900000) (1024K)]
  0x000001d130e01080 JavaThread "httpclient-dispatch-6"      daemon [_thread_blocked, id=47976, stack(0x00000041c1900000,0x00000041c1a00000) (1024K)]
  0x000001d138109ac0 JavaThread "httpclient-dispatch-7"      daemon [_thread_blocked, id=27484, stack(0x00000041c1a00000,0x00000041c1b00000) (1024K)]
  0x000001d13810ba00 JavaThread "httpclient-dispatch-8"      daemon [_thread_blocked, id=30368, stack(0x00000041c1b00000,0x00000041c1c00000) (1024K)]
  0x000001d138110820 JavaThread "Jndi-Dns-address-change-listener" daemon [_thread_in_native, id=42604, stack(0x00000041c1c00000,0x00000041c1d00000) (1024K)]
  0x000001d1387b97f0 JavaThread "InnocuousThread-1"          daemon [_thread_blocked, id=45784, stack(0x00000041c0f00000,0x00000041c1000000) (1024K)]
  0x000001d138c66660 JavaThread "DestroyJavaVM"                     [_thread_blocked, id=38648, stack(0x00000041bec00000,0x00000041bed00000) (1024K)]
  0x000001d138c63f50 JavaThread "Catalina-utility-1"                [_thread_blocked, id=23484, stack(0x00000041c0500000,0x00000041c0600000) (1024K)]
  0x000001d138c62010 JavaThread "Catalina-utility-2"                [_thread_blocked, id=42088, stack(0x00000041c0600000,0x00000041c0700000) (1024K)]
  0x000001d130dfc260 JavaThread "Thread-10"                         [_thread_blocked, id=49804, stack(0x00000041be900000,0x00000041bea00000) (1024K)]
  0x000001d1387b51a0 JavaThread "globalEventExecutor-2-6"           [_thread_blocked, id=32684, stack(0x00000041c1e00000,0x00000041c1f00000) (1024K)]
Total: 27

Other Threads:
=>0x000001d12bcf2ce0 VMThread "VM Thread"                           [id=30424, stack(0x00000041bf400000,0x00000041bf500000) (1024K)]
  0x000001d12bbab3c0 WatcherThread "VM Periodic Task Thread"        [id=10088, stack(0x00000041bf300000,0x00000041bf400000) (1024K)]
  0x000001d117de3af0 WorkerThread "GC Thread#0"                     [id=38096, stack(0x00000041bed00000,0x00000041bee00000) (1024K)]
  0x000001d13032cdc0 WorkerThread "GC Thread#1"                     [id=52876, stack(0x00000041bfe00000,0x00000041bff00000) (1024K)]
  0x000001d1303f8c40 WorkerThread "GC Thread#2"                     [id=1996, stack(0x00000041c0400000,0x00000041c0500000) (1024K)]
  0x000001d1303f9d80 WorkerThread "GC Thread#3"                     [id=34444, stack(0x00000041c0700000,0x00000041c0800000) (1024K)]
  0x000001d1303f9090 WorkerThread "GC Thread#4"                     [id=32724, stack(0x00000041c0800000,0x00000041c0900000) (1024K)]
  0x000001d1303f94e0 WorkerThread "GC Thread#5"                     [id=35192, stack(0x00000041c0900000,0x00000041c0a00000) (1024K)]
  0x000001d131575140 WorkerThread "GC Thread#6"                     [id=23528, stack(0x00000041c0a00000,0x00000041c0b00000) (1024K)]
  0x000001d131574000 WorkerThread "GC Thread#7"                     [id=39884, stack(0x00000041c0c00000,0x00000041c0d00000) (1024K)]
  0x000001d117dfd340 ConcurrentGCThread "G1 Main Marker"            [id=33744, stack(0x00000041bee00000,0x00000041bef00000) (1024K)]
  0x000001d117dfdec0 WorkerThread "G1 Conc#0"                       [id=35660, stack(0x00000041bef00000,0x00000041bf000000) (1024K)]
  0x000001d1303f87f0 WorkerThread "G1 Conc#1"                       [id=23324, stack(0x00000041bff00000,0x00000041c0000000) (1024K)]
  0x000001d12bbb3ce0 WorkerThread "G1 Refinement Workers#0"         [id=9996, stack(0x00000041bf100000,0x00000041bf200000) (1024K)]
  0x000001d117e3b5c0 ConcurrentGCThread "G1 Refine Control"         [id=47012, stack(0x00000041bf000000,0x00000041bf100000) (1024K)]
  0x000001d12bbb4250 ConcurrentGCThread "G1 Service"                [id=37868, stack(0x00000041bf200000,0x00000041bf300000) (1024K)]
Total: 16

Threads with active compile tasks:
Total: 0

VM state: at safepoint (normal execution)

VM Mutex/Monitor currently owned by a thread:  ([mutex/lock_event])
[0x00007ffbb3eeed08] Threads_lock - owner thread: 0x000001d12bcf2ce0
[0x00007ffbb3eeef88] Heap_lock - owner thread: 0x000001d130dfc260

Heap address: 0x0000000704e00000, size: 4018 MB, Compressed Oops mode: Zero based, Oop shift amount: 3

CDS archive(s) mapped at: [0x000000002d000000-0x000000002dde0000-0x000000002dde0000), size 14548992, SharedBaseAddress: 0x000000002d000000, ArchiveRelocationMode: 1.
Compressed class space mapped at: 0x000000002e000000-0x000000006e000000, reserved size: 1073741824
UseCompressedClassPointers 1, UseCompactObjectHeaders 0
Narrow klass pointer bits 32, Max shift 3
Narrow klass base: 0x000000002d000000, Narrow klass shift: 0
Encoding Range: [0x000000002d000000 - 0x000000012d000000), (4294967296 bytes)
Klass Range:    [0x000000002d000000 - 0x000000006e000000), (1090519040 bytes)
Klass ID Range:  [8 - 1090519033) (1090519025)
Protection zone: [0x000000002d000000 - 0x000000002d010000), (65536 bytes)

GC Precious Log:
 CardTable entry size: 512
 Card Set container configuration: InlinePtr #cards 4 size 8 Array Of Cards #cards 16 size 48 Howl #buckets 8 coarsen threshold 3686 Howl Bitmap #cards 512 size 80 coarsen threshold 460 Card regions per heap region 1 cards per card region 4096
 CPUs: 8 total, 8 available
 Memory: 16064M
 Large Page Support: Disabled
 NUMA Support: Disabled
 Compressed Oops: Enabled (Zero based)
 Heap Region Size: 2M
 Heap Min Capacity: 8M
 Heap Initial Capacity: 8M
 Heap Max Capacity: 4018M
 Pre-touch: Disabled
 Parallel Workers: 8
 Concurrent Workers: 2
 Concurrent Refinement Workers: 8
 Periodic GC: Disabled

Heap:
 garbage-first heap   total reserved 4114432K, committed 198656K, used 103460K [0x0000000704e00000, 0x0000000800000000)
  region size 2M, 20 eden (40M), 6 survivor (12M), 29 old (58M), 0 humongous (0M), 42 free (84M)

Heap Regions: E=young(eden), S=young(survivor), O=old, HS=humongous(starts), HC=humongous(continues), CS=collection set, F=free, TAMS=top-at-mark-start, PB=parsable bottom
|    0|0x0000000704e00000, 0x0000000704ffffb8, 0x0000000705000000| 99%| O|  |TAMS 0x0000000704e00000| PB 0x0000000704e00000| Untracked |  0
|    1|0x0000000705000000, 0x00000007051ffff8, 0x0000000705200000| 99%| O|  |TAMS 0x0000000705000000| PB 0x0000000705000000| Untracked |  0
|    2|0x0000000705200000, 0x00000007053ffff8, 0x0000000705400000| 99%| O|  |TAMS 0x0000000705200000| PB 0x0000000705200000| Untracked |  0
|    3|0x0000000705400000, 0x00000007055fffd8, 0x0000000705600000| 99%| O|  |TAMS 0x0000000705400000| PB 0x0000000705400000| Untracked |  0
|    4|0x0000000705600000, 0x00000007057ffff0, 0x0000000705800000| 99%| O|  |TAMS 0x0000000705600000| PB 0x0000000705600000| Untracked |  0
|    5|0x0000000705800000, 0x0000000705a00000, 0x0000000705a00000|100%| O|  |TAMS 0x0000000705800000| PB 0x0000000705800000| Untracked |  0
|    6|0x0000000705a00000, 0x0000000705c00000, 0x0000000705c00000|100%| O|  |TAMS 0x0000000705a00000| PB 0x0000000705a00000| Untracked |  0
|    7|0x0000000705c00000, 0x0000000705dffff8, 0x0000000705e00000| 99%| O|  |TAMS 0x0000000705c00000| PB 0x0000000705c00000| Untracked |  0
|    8|0x0000000705e00000, 0x0000000705fffff0, 0x0000000706000000| 99%| O|  |TAMS 0x0000000705e00000| PB 0x0000000705e00000| Untracked |  0
|    9|0x0000000706000000, 0x00000007061fffe0, 0x0000000706200000| 99%| O|  |TAMS 0x0000000706000000| PB 0x0000000706000000| Untracked |  0
|   10|0x0000000706200000, 0x0000000706400000, 0x0000000706400000|100%| O|  |TAMS 0x0000000706200000| PB 0x0000000706200000| Untracked |  0
|   11|0x0000000706400000, 0x00000007065ffff8, 0x0000000706600000| 99%| O|  |TAMS 0x0000000706400000| PB 0x0000000706400000| Untracked |  0
|   12|0x0000000706600000, 0x00000007067fffd8, 0x0000000706800000| 99%| O|  |TAMS 0x0000000706600000| PB 0x0000000706600000| Untracked |  0
|   13|0x0000000706800000, 0x00000007069ffff0, 0x0000000706a00000| 99%| O|  |TAMS 0x0000000706800000| PB 0x0000000706800000| Untracked |  0
|   14|0x0000000706a00000, 0x0000000706c00000, 0x0000000706c00000|100%| O|  |TAMS 0x0000000706a00000| PB 0x0000000706a00000| Untracked |  0
|   15|0x0000000706c00000, 0x0000000706dfffd8, 0x0000000706e00000| 99%| O|  |TAMS 0x0000000706c00000| PB 0x0000000706c00000| Untracked |  0
|   16|0x0000000706e00000, 0x0000000706f9ae98, 0x0000000707000000| 80%| O|  |TAMS 0x0000000706e00000| PB 0x0000000706e00000| Untracked |  0
|   17|0x0000000707000000, 0x00000007071ffe90, 0x0000000707200000| 99%| O|  |TAMS 0x0000000707000000| PB 0x0000000707000000| Untracked |  0
|   18|0x0000000707200000, 0x00000007073fffe0, 0x0000000707400000| 99%| O|  |TAMS 0x0000000707200000| PB 0x0000000707200000| Untracked |  0
|   19|0x0000000707400000, 0x00000007075ffff8, 0x0000000707600000| 99%| O|  |TAMS 0x0000000707400000| PB 0x0000000707400000| Untracked |  0
|   20|0x0000000707600000, 0x00000007077ffff8, 0x0000000707800000| 99%| O|  |TAMS 0x0000000707600000| PB 0x0000000707600000| Untracked |  0
|   21|0x0000000707800000, 0x00000007079ffff8, 0x0000000707a00000| 99%| O|  |TAMS 0x0000000707800000| PB 0x0000000707800000| Untracked |  0
|   22|0x0000000707a00000, 0x0000000707a00000, 0x0000000707c00000|  0%| F|  |TAMS 0x0000000707a00000| PB 0x0000000707a00000| Untracked |  0
|   23|0x0000000707c00000, 0x0000000707d38f98, 0x0000000707e00000| 61%| O|  |TAMS 0x0000000707c00000| PB 0x0000000707c00000| Untracked |  0
|   24|0x0000000707e00000, 0x0000000707f67b40, 0x0000000708000000| 70%| O|  |TAMS 0x0000000707e00000| PB 0x0000000707e00000| Untracked |  0
|   25|0x0000000708000000, 0x0000000708022600, 0x0000000708200000|  6%| O|Cm|TAMS 0x0000000708000000| PB 0x0000000708000000| Complete  |  0
|   26|0x0000000708200000, 0x000000070836b110, 0x0000000708400000| 70%| O|  |TAMS 0x0000000708200000| PB 0x0000000708200000| Untracked |  0
|   27|0x0000000708400000, 0x0000000708432b58, 0x0000000708600000|  9%| O|  |TAMS 0x0000000708400000| PB 0x0000000708400000| Untracked |  0
|   28|0x0000000708600000, 0x0000000708600000, 0x0000000708800000|  0%| F|  |TAMS 0x0000000708600000| PB 0x0000000708600000| Untracked |  0
|   29|0x0000000708800000, 0x0000000708800000, 0x0000000708a00000|  0%| F|  |TAMS 0x0000000708800000| PB 0x0000000708800000| Untracked |  0
|   30|0x0000000708a00000, 0x0000000708a00000, 0x0000000708c00000|  0%| F|  |TAMS 0x0000000708a00000| PB 0x0000000708a00000| Untracked |  0
|   31|0x0000000708c00000, 0x0000000708c00000, 0x0000000708e00000|  0%| F|  |TAMS 0x0000000708c00000| PB 0x0000000708c00000| Untracked |  0
|   32|0x0000000708e00000, 0x0000000708e00000, 0x0000000709000000|  0%| F|  |TAMS 0x0000000708e00000| PB 0x0000000708e00000| Untracked |  0
|   33|0x0000000709000000, 0x0000000709000000, 0x0000000709200000|  0%| F|  |TAMS 0x0000000709000000| PB 0x0000000709000000| Untracked |  0
|   34|0x0000000709200000, 0x0000000709200000, 0x0000000709400000|  0%| F|  |TAMS 0x0000000709200000| PB 0x0000000709200000| Untracked |  0
|   35|0x0000000709400000, 0x000000070950dae0, 0x0000000709600000| 52%| S|CS|TAMS 0x0000000709400000| PB 0x0000000709400000| Complete  |  0
|   36|0x0000000709600000, 0x0000000709800000, 0x0000000709800000|100%| S|CS|TAMS 0x0000000709600000| PB 0x0000000709600000| Complete  |  0
|   37|0x0000000709800000, 0x0000000709a00000, 0x0000000709a00000|100%| S|CS|TAMS 0x0000000709800000| PB 0x0000000709800000| Complete  |  0
|   38|0x0000000709a00000, 0x0000000709c00000, 0x0000000709c00000|100%| S|CS|TAMS 0x0000000709a00000| PB 0x0000000709a00000| Complete  |  0
|   39|0x0000000709c00000, 0x0000000709e00000, 0x0000000709e00000|100%| S|CS|TAMS 0x0000000709c00000| PB 0x0000000709c00000| Complete  |  0
|   40|0x0000000709e00000, 0x000000070a000000, 0x000000070a000000|100%| S|CS|TAMS 0x0000000709e00000| PB 0x0000000709e00000| Complete  |  0
|   41|0x000000070a000000, 0x000000070a000000, 0x000000070a200000|  0%| F|  |TAMS 0x000000070a000000| PB 0x000000070a000000| Untracked |  0
|   42|0x000000070a200000, 0x000000070a200000, 0x000000070a400000|  0%| F|  |TAMS 0x000000070a200000| PB 0x000000070a200000| Untracked |  0
|   43|0x000000070a400000, 0x000000070a400000, 0x000000070a600000|  0%| F|  |TAMS 0x000000070a400000| PB 0x000000070a400000| Untracked |  0
|   44|0x000000070a600000, 0x000000070a600000, 0x000000070a800000|  0%| F|  |TAMS 0x000000070a600000| PB 0x000000070a600000| Untracked |  0
|   45|0x000000070a800000, 0x000000070a800000, 0x000000070aa00000|  0%| F|  |TAMS 0x000000070a800000| PB 0x000000070a800000| Untracked |  0
|   46|0x000000070aa00000, 0x000000070aa00000, 0x000000070ac00000|  0%| F|  |TAMS 0x000000070aa00000| PB 0x000000070aa00000| Untracked |  0
|   47|0x000000070ac00000, 0x000000070ac00000, 0x000000070ae00000|  0%| F|  |TAMS 0x000000070ac00000| PB 0x000000070ac00000| Untracked |  0
|   48|0x000000070ae00000, 0x000000070ae00000, 0x000000070b000000|  0%| F|  |TAMS 0x000000070ae00000| PB 0x000000070ae00000| Untracked |  0
|   49|0x000000070b000000, 0x000000070b000000, 0x000000070b200000|  0%| F|  |TAMS 0x000000070b000000| PB 0x000000070b000000| Untracked |  0
|   50|0x000000070b200000, 0x000000070b200000, 0x000000070b400000|  0%| F|  |TAMS 0x000000070b200000| PB 0x000000070b200000| Untracked |  0
|   51|0x000000070b400000, 0x000000070b400000, 0x000000070b600000|  0%| F|  |TAMS 0x000000070b400000| PB 0x000000070b400000| Untracked |  0
|   52|0x000000070b600000, 0x000000070b600000, 0x000000070b800000|  0%| F|  |TAMS 0x000000070b600000| PB 0x000000070b600000| Untracked |  0
|   53|0x000000070b800000, 0x000000070b800000, 0x000000070ba00000|  0%| F|  |TAMS 0x000000070b800000| PB 0x000000070b800000| Untracked |  0
|   54|0x000000070ba00000, 0x000000070ba00000, 0x000000070bc00000|  0%| F|  |TAMS 0x000000070ba00000| PB 0x000000070ba00000| Untracked |  0
|   55|0x000000070bc00000, 0x000000070bc00000, 0x000000070be00000|  0%| F|  |TAMS 0x000000070bc00000| PB 0x000000070bc00000| Untracked |  0
|   56|0x000000070be00000, 0x000000070be00000, 0x000000070c000000|  0%| F|  |TAMS 0x000000070be00000| PB 0x000000070be00000| Untracked |  0
|   57|0x000000070c000000, 0x000000070c000000, 0x000000070c200000|  0%| F|  |TAMS 0x000000070c000000| PB 0x000000070c000000| Untracked |  0
|   58|0x000000070c200000, 0x000000070c200000, 0x000000070c400000|  0%| F|  |TAMS 0x000000070c200000| PB 0x000000070c200000| Untracked |  0
|   59|0x000000070c400000, 0x000000070c400000, 0x000000070c600000|  0%| F|  |TAMS 0x000000070c400000| PB 0x000000070c400000| Untracked |  0
|   60|0x000000070c600000, 0x000000070c600000, 0x000000070c800000|  0%| F|  |TAMS 0x000000070c600000| PB 0x000000070c600000| Untracked |  0
|   61|0x000000070c800000, 0x000000070c800000, 0x000000070ca00000|  0%| F|  |TAMS 0x000000070c800000| PB 0x000000070c800000| Untracked |  0
|   62|0x000000070ca00000, 0x000000070ca00000, 0x000000070cc00000|  0%| F|  |TAMS 0x000000070ca00000| PB 0x000000070ca00000| Untracked |  0
|   63|0x000000070cc00000, 0x000000070cc00000, 0x000000070ce00000|  0%| F|  |TAMS 0x000000070cc00000| PB 0x000000070cc00000| Untracked |  0
|   64|0x000000070ce00000, 0x000000070ce00000, 0x000000070d000000|  0%| F|  |TAMS 0x000000070ce00000| PB 0x000000070ce00000| Untracked |  0
|   65|0x000000070d000000, 0x000000070d000000, 0x000000070d200000|  0%| F|  |TAMS 0x000000070d000000| PB 0x000000070d000000| Untracked |  0
|   66|0x000000070d200000, 0x000000070d200000, 0x000000070d400000|  0%| F|  |TAMS 0x000000070d200000| PB 0x000000070d200000| Untracked |  0
|   67|0x000000070d400000, 0x000000070d400000, 0x000000070d600000|  0%| F|  |TAMS 0x000000070d400000| PB 0x000000070d400000| Untracked |  0
|   68|0x000000070d600000, 0x000000070d600000, 0x000000070d800000|  0%| F|  |TAMS 0x000000070d600000| PB 0x000000070d600000| Untracked |  0
|   69|0x000000070d800000, 0x000000070d800000, 0x000000070da00000|  0%| F|  |TAMS 0x000000070d800000| PB 0x000000070d800000| Untracked |  0
|   70|0x000000070da00000, 0x000000070da00000, 0x000000070dc00000|  0%| F|  |TAMS 0x000000070da00000| PB 0x000000070da00000| Untracked |  0
|   71|0x000000070dc00000, 0x000000070dc00000, 0x000000070de00000|  0%| F|  |TAMS 0x000000070dc00000| PB 0x000000070dc00000| Untracked |  0
|   72|0x000000070de00000, 0x000000070de00000, 0x000000070e000000|  0%| F|  |TAMS 0x000000070de00000| PB 0x000000070de00000| Untracked |  0
|   73|0x000000070e000000, 0x000000070e000000, 0x000000070e200000|  0%| F|  |TAMS 0x000000070e000000| PB 0x000000070e000000| Untracked |  0
|   74|0x000000070e200000, 0x000000070e200000, 0x000000070e400000|  0%| F|  |TAMS 0x000000070e200000| PB 0x000000070e200000| Untracked |  0
|   75|0x000000070e400000, 0x000000070e4ac3c0, 0x000000070e600000| 33%| E|CS|TAMS 0x000000070e400000| PB 0x000000070e400000| Complete  |  0
|   76|0x000000070e600000, 0x000000070e800000, 0x000000070e800000|100%| E|CS|TAMS 0x000000070e600000| PB 0x000000070e600000| Complete  |  0
|   77|0x000000070e800000, 0x000000070ea00000, 0x000000070ea00000|100%| E|CS|TAMS 0x000000070e800000| PB 0x000000070e800000| Complete  |  0
|   78|0x000000070ea00000, 0x000000070ec00000, 0x000000070ec00000|100%| E|CS|TAMS 0x000000070ea00000| PB 0x000000070ea00000| Complete  |  0
|   79|0x000000070ec00000, 0x000000070ee00000, 0x000000070ee00000|100%| E|CS|TAMS 0x000000070ec00000| PB 0x000000070ec00000| Complete  |  0
|   80|0x000000070ee00000, 0x000000070f000000, 0x000000070f000000|100%| E|CS|TAMS 0x000000070ee00000| PB 0x000000070ee00000| Complete  |  0
|   81|0x000000070f000000, 0x000000070f200000, 0x000000070f200000|100%| E|CS|TAMS 0x000000070f000000| PB 0x000000070f000000| Complete  |  0
|   82|0x000000070f200000, 0x000000070f400000, 0x000000070f400000|100%| E|CS|TAMS 0x000000070f200000| PB 0x000000070f200000| Complete  |  0
|   83|0x000000070f400000, 0x000000070f600000, 0x000000070f600000|100%| E|CS|TAMS 0x000000070f400000| PB 0x000000070f400000| Complete  |  0
|   84|0x000000070f600000, 0x000000070f800000, 0x000000070f800000|100%| E|CS|TAMS 0x000000070f600000| PB 0x000000070f600000| Complete  |  0
|   85|0x000000070f800000, 0x000000070fa00000, 0x000000070fa00000|100%| E|CS|TAMS 0x000000070f800000| PB 0x000000070f800000| Complete  |  0
|   86|0x000000070fa00000, 0x000000070fc00000, 0x000000070fc00000|100%| E|CS|TAMS 0x000000070fa00000| PB 0x000000070fa00000| Complete  |  0
|   87|0x000000070fc00000, 0x000000070fe00000, 0x000000070fe00000|100%| E|CS|TAMS 0x000000070fc00000| PB 0x000000070fc00000| Complete  |  0
|   88|0x000000070fe00000, 0x0000000710000000, 0x0000000710000000|100%| E|CS|TAMS 0x000000070fe00000| PB 0x000000070fe00000| Complete  |  0
|   89|0x0000000710000000, 0x0000000710200000, 0x0000000710200000|100%| E|CS|TAMS 0x0000000710000000| PB 0x0000000710000000| Complete  |  0
|   90|0x0000000710200000, 0x0000000710400000, 0x0000000710400000|100%| E|CS|TAMS 0x0000000710200000| PB 0x0000000710200000| Complete  |  0
|   91|0x0000000710400000, 0x0000000710600000, 0x0000000710600000|100%| E|CS|TAMS 0x0000000710400000| PB 0x0000000710400000| Complete  |  0
|   92|0x0000000710600000, 0x0000000710800000, 0x0000000710800000|100%| E|CS|TAMS 0x0000000710600000| PB 0x0000000710600000| Complete  |  0
|   93|0x0000000710800000, 0x0000000710a00000, 0x0000000710a00000|100%| E|CS|TAMS 0x0000000710800000| PB 0x0000000710800000| Complete  |  0
|   94|0x0000000710a00000, 0x0000000710c00000, 0x0000000710c00000|100%| E|CS|TAMS 0x0000000710a00000| PB 0x0000000710a00000| Complete  |  0
| 2005|0x00000007ff800000, 0x00000007ffa00000, 0x00000007ffa00000|100%| O|  |TAMS 0x00000007ff800000| PB 0x00000007ff800000| Untracked |  0
| 2006|0x00000007ffa00000, 0x00000007ffc00000, 0x00000007ffc00000|100%| O|  |TAMS 0x00000007ffa00000| PB 0x00000007ffa00000| Untracked |  0

Card table byte_map: [0x000001d124420000,0x000001d124c00000] _byte_map_base: 0x000001d120bf9000
Refinement table byte_map: [0x000001d124c00000,0x000001d1253e0000] _byte_map_base: 0x000001d1213d9000

Marking Bits: (CMBitMap*) 0x000001d117de4270
 Bits: [0x000001d1253e0000, 0x000001d1292a8000)

Polling page: 0x000001d115dc0000

Metaspace:
Metaspace        used 121934K, committed 123264K, reserved 1179648K
 class space     used 18197K, committed 18752K, reserved 1048576K

Usage:
  Non-class:    101.31 MB used.
      Class:     17.77 MB used.
       Both:    119.08 MB used.

Virtual space:
  Non-class space:      128.00 MB reserved,     102.06 MB ( 80%) committed,  2 nodes.
      Class space:        1.00 GB reserved,      18.31 MB (  2%) committed,  1 nodes.
             Both:        1.12 GB reserved,     120.38 MB ( 10%) committed. 

Chunk freelists:
   Non-Class:  9.42 MB
       Class:  13.95 MB
        Both:  23.37 MB

MaxMetaspaceSize: unlimited
CompressedClassSpaceSize: 1.00 GB
Initial GC threshold: 21.00 MB
Current GC threshold: 200.44 MB
CDS: on
 - commit_granule_bytes: 65536.
 - commit_granule_words: 8192.
 - virtual_space_node_default_size: 8388608.
 - enlarge_chunks_in_place: 1.
UseCompressedClassPointers 1, UseCompactObjectHeaders 0
Narrow klass pointer bits 32, Max shift 3
Narrow klass base: 0x000000002d000000, Narrow klass shift: 0
Encoding Range: [0x000000002d000000 - 0x000000012d000000), (4294967296 bytes)
Klass Range:    [0x000000002d000000 - 0x000000006e000000), (1090519040 bytes)
Klass ID Range:  [8 - 1090519033) (1090519025)
Protection zone: [0x000000002d000000 - 0x000000002d010000), (65536 bytes)


Internal statistics:

num_allocs_failed_limit: 15.
num_arena_births: 1564.
num_arena_deaths: 622.
num_vsnodes_births: 3.
num_vsnodes_deaths: 0.
num_space_committed: 1926.
num_space_uncommitted: 0.
num_chunks_returned_to_freelist: 664.
num_chunks_taken_from_freelist: 6061.
num_chunk_merges: 218.
num_chunk_splits: 4478.
num_chunks_enlarged: 3678.
num_inconsistent_stats: 0.

CodeCache: size=49152Kb used=11600Kb max_used=15393Kb free=37551Kb
 bounds [0x000001d120a20000, 0x000001d121a10000, 0x000001d123a20000]
 total_blobs=9290, nmethods=8410, adapters=804, full_count=0
Compilation: enabled, stopped_count=0, restarted_count=0

Compilation events (20 events):
Event: 361.368 Thread 0x000001d138af98f0 nmethod 12508 0x000001d12132ad08 code [0x000001d12132ae00, 0x000001d12132aed8]
Event: 361.369 Thread 0x000001d12bd1b3f0 nmethod 12509 0x000001d12132c588 code [0x000001d12132c680, 0x000001d12132c838]
Event: 361.369 Thread 0x000001d12bd1b3f0 12510       1       java.lang.management.DefaultPlatformMBeanProvider$3::mbeanInterfaceNames (5 bytes)
Event: 361.369 Thread 0x000001d12bd1b3f0 nmethod 12510 0x000001d12132e888 code [0x000001d12132e980, 0x000001d12132ea38]
Event: 361.370 Thread 0x000001d12bd1b3f0 12511       1       javax.management.ObjectName$Property::<init> (20 bytes)
Event: 361.370 Thread 0x000001d12bd1b3f0 nmethod 12511 0x000001d121331388 code [0x000001d121331480, 0x000001d121331540]
Event: 361.371 Thread 0x000001d12bd1b3f0 12512   !   1       org.springframework.context.event.AbstractApplicationEventMulticaster::supportsEvent (104 bytes)
Event: 361.371 Thread 0x000001d12bd1b3f0 nmethod 12512 0x000001d12131b708 code [0x000001d12131b800, 0x000001d12131bcc0]
Event: 385.906 Thread 0x000001d12bd1b3f0 12513       1       java.util.regex.Pattern$BranchConn::study (5 bytes)
Event: 385.909 Thread 0x000001d12bd1b3f0 nmethod 12513 0x000001d12133c688 code [0x000001d12133c780, 0x000001d12133c840]
Event: 385.922 Thread 0x000001d12bd1b3f0 12515       1       io.micrometer.core.instrument.Meter::close (1 bytes)
Event: 385.922 Thread 0x000001d12bd1b3f0 nmethod 12515 0x000001d12133f588 code [0x000001d12133f680, 0x000001d12133f730]
Event: 385.947 Thread 0x000001d12bd1b3f0 12517       1       sun.net.util.IPAddressUtil::parseAsciiDigit (63 bytes)
Event: 385.948 Thread 0x000001d12bd1b3f0 nmethod 12517 0x000001d121345888 code [0x000001d121345980, 0x000001d121345b40]
Event: 385.959 Thread 0x000001d12bd1b3f0 12518   !   1       org.hibernate.internal.util.collections.BoundedConcurrentHashMap$Segment::clear (60 bytes)
Event: 385.961 Thread 0x000001d12bd1b3f0 nmethod 12518 0x000001d121327b88 code [0x000001d121327c80, 0x000001d121328070]
Event: 385.962 Thread 0x000001d12bd1b3f0 12519       1       java.util.concurrent.ThreadPoolExecutor::isRunning (10 bytes)
Event: 385.962 Thread 0x000001d12bd1b3f0 nmethod 12519 0x000001d121347d08 code [0x000001d121347e00, 0x000001d121347ea8]
Event: 385.976 Thread 0x000001d12bd1b3f0 12520       1       org.apache.catalina.core.StandardContext::getPath (5 bytes)
Event: 385.976 Thread 0x000001d12bd1b3f0 nmethod 12520 0x000001d121349608 code [0x000001d121349700, 0x000001d1213497c0]

GC Heap Usage History (20 events):
Event: 6.418 {heap After GC invocations=21 (full 0):
 garbage-first heap   total reserved 4114432K, committed 165888K, used 47414K [0x0000000704e00000, 0x0000000800000000)
  region size 2M, 0 eden (0M), 2 survivor (4M), 22 old (44M), 0 humongous (0M), 57 free (114M)
}
Event: 7.959 {heap Before GC invocations=22 (full 0):
 garbage-first heap   total reserved 4114432K, committed 165888K, used 141622K [0x0000000704e00000, 0x0000000800000000)
  region size 2M, 46 eden (92M), 2 survivor (4M), 22 old (44M), 0 humongous (0M), 11 free (22M)
}
Event: 7.965 {heap After GC invocations=23 (full 0):
 garbage-first heap   total reserved 4114432K, committed 165888K, used 51822K [0x0000000704e00000, 0x0000000800000000)
  region size 2M, 0 eden (0M), 4 survivor (8M), 22 old (44M), 0 humongous (0M), 55 free (110M)
}
Event: 8.996 {heap Before GC invocations=23 (full 0):
 garbage-first heap   total reserved 4114432K, committed 165888K, used 141934K [0x0000000704e00000, 0x0000000800000000)
  region size 2M, 44 eden (88M), 4 survivor (8M), 22 old (44M), 0 humongous (0M), 11 free (22M)
}
Event: 9.005 {heap After GC invocations=24 (full 0):
 garbage-first heap   total reserved 4114432K, committed 165888K, used 58680K [0x0000000704e00000, 0x0000000800000000)
  region size 2M, 0 eden (0M), 6 survivor (12M), 23 old (46M), 0 humongous (0M), 52 free (104M)
}
Event: 10.032 {heap Before GC invocations=24 (full 0):
 garbage-first heap   total reserved 4114432K, committed 165888K, used 144696K [0x0000000704e00000, 0x0000000800000000)
  region size 2M, 42 eden (84M), 6 survivor (12M), 23 old (46M), 0 humongous (0M), 10 free (20M)
}
Event: 10.044 {heap After GC invocations=25 (full 0):
 garbage-first heap   total reserved 4114432K, committed 165888K, used 65401K [0x0000000704e00000, 0x0000000800000000)
  region size 2M, 0 eden (0M), 4 survivor (8M), 28 old (56M), 0 humongous (0M), 49 free (98M)
}
Event: 10.857 {heap Before GC invocations=25 (full 0):
 garbage-first heap   total reserved 4114432K, committed 165888K, used 110457K [0x0000000704e00000, 0x0000000800000000)
  region size 2M, 23 eden (46M), 4 survivor (8M), 28 old (56M), 0 humongous (0M), 26 free (52M)
}
Event: 10.864 {heap After GC invocations=26 (full 0):
 garbage-first heap   total reserved 4114432K, committed 165888K, used 68145K [0x0000000704e00000, 0x0000000800000000)
  region size 2M, 0 eden (0M), 2 survivor (4M), 32 old (64M), 0 humongous (0M), 47 free (94M)
}
Event: 12.401 {heap Before GC invocations=27 (full 0):
 garbage-first heap   total reserved 4114432K, committed 165888K, used 148017K [0x0000000704e00000, 0x0000000800000000)
  region size 2M, 39 eden (78M), 2 survivor (4M), 32 old (64M), 0 humongous (0M), 8 free (16M)
}
Event: 12.410 {heap After GC invocations=28 (full 0):
 garbage-first heap   total reserved 4114432K, committed 497664K, used 74831K [0x0000000704e00000, 0x0000000800000000)
  region size 2M, 0 eden (0M), 5 survivor (10M), 32 old (64M), 0 humongous (0M), 206 free (412M)
}
Event: 347.898 {heap Before GC invocations=28 (full 0):
 garbage-first heap   total reserved 4114432K, committed 497664K, used 240719K [0x0000000704e00000, 0x0000000800000000)
  region size 2M, 83 eden (166M), 5 survivor (10M), 32 old (64M), 0 humongous (0M), 123 free (246M)
}
Event: 348.336 {heap After GC invocations=29 (full 1):
 garbage-first heap   total reserved 4114432K, committed 233472K, used 61608K [0x0000000704e00000, 0x0000000800000000)
  region size 2M, 0 eden (0M), 0 survivor (0M), 34 old (68M), 0 humongous (0M), 80 free (160M)
}
Event: 353.630 {heap Before GC invocations=29 (full 1):
 garbage-first heap   total reserved 4114432K, committed 233472K, used 190632K [0x0000000704e00000, 0x0000000800000000)
  region size 2M, 64 eden (128M), 0 survivor (0M), 34 old (68M), 0 humongous (0M), 16 free (32M)
}
Event: 353.656 {heap After GC invocations=30 (full 1):
 garbage-first heap   total reserved 4114432K, committed 233472K, used 75012K [0x0000000704e00000, 0x0000000800000000)
  region size 2M, 0 eden (0M), 7 survivor (14M), 34 old (68M), 0 humongous (0M), 73 free (146M)
}
Event: 355.618 {heap Before GC invocations=31 (full 1):
 garbage-first heap   total reserved 4114432K, committed 233472K, used 95492K [0x0000000704e00000, 0x0000000800000000)
  region size 2M, 11 eden (22M), 7 survivor (14M), 34 old (68M), 0 humongous (0M), 62 free (124M)
}
Event: 355.735 {heap After GC invocations=32 (full 2):
 garbage-first heap   total reserved 4114432K, committed 198656K, used 53230K [0x0000000704e00000, 0x0000000800000000)
  region size 2M, 0 eden (0M), 0 survivor (0M), 29 old (58M), 0 humongous (0M), 68 free (136M)
}
Event: 359.848 {heap Before GC invocations=32 (full 2):
 garbage-first heap   total reserved 4114432K, committed 198656K, used 163822K [0x0000000704e00000, 0x0000000800000000)
  region size 2M, 54 eden (108M), 0 survivor (0M), 29 old (58M), 0 humongous (0M), 14 free (28M)
}
Event: 359.867 {heap After GC invocations=33 (full 2):
 garbage-first heap   total reserved 4114432K, committed 198656K, used 64548K [0x0000000704e00000, 0x0000000800000000)
  region size 2M, 0 eden (0M), 6 survivor (12M), 29 old (58M), 0 humongous (0M), 62 free (124M)
}
Event: 385.982 {heap Before GC invocations=34 (full 2):
 garbage-first heap   total reserved 4114432K, committed 198656K, used 103460K [0x0000000704e00000, 0x0000000800000000)
  region size 2M, 20 eden (40M), 6 survivor (12M), 29 old (58M), 0 humongous (0M), 42 free (84M)
}

Metaspace Usage History (20 events):
Event: 6.418 {metaspace After GC invocations=21 (full 0):
 Metaspace       used 60145K, committed 60608K, reserved 1114112K
  class space    used 8742K, committed 8960K, reserved 1048576K
}
Event: 7.959 {metaspace Before GC invocations=22 (full 0):
 Metaspace       used 76032K, committed 76608K, reserved 1179648K
  class space    used 11340K, committed 11584K, reserved 1048576K
}
Event: 7.965 {metaspace After GC invocations=23 (full 0):
 Metaspace       used 76032K, committed 76608K, reserved 1179648K
  class space    used 11340K, committed 11584K, reserved 1048576K
}
Event: 8.996 {metaspace Before GC invocations=23 (full 0):
 Metaspace       used 88464K, committed 89088K, reserved 1179648K
  class space    used 13436K, committed 13696K, reserved 1048576K
}
Event: 9.005 {metaspace After GC invocations=24 (full 0):
 Metaspace       used 88464K, committed 89088K, reserved 1179648K
  class space    used 13436K, committed 13696K, reserved 1048576K
}
Event: 10.032 {metaspace Before GC invocations=24 (full 0):
 Metaspace       used 97402K, committed 98112K, reserved 1179648K
  class space    used 14642K, committed 14976K, reserved 1048576K
}
Event: 10.044 {metaspace After GC invocations=25 (full 0):
 Metaspace       used 97402K, committed 98112K, reserved 1179648K
  class space    used 14642K, committed 14976K, reserved 1048576K
}
Event: 10.857 {metaspace Before GC invocations=25 (full 0):
 Metaspace       used 100776K, committed 101568K, reserved 1179648K
  class space    used 15134K, committed 15488K, reserved 1048576K
}
Event: 10.864 {metaspace After GC invocations=26 (full 0):
 Metaspace       used 100776K, committed 101568K, reserved 1179648K
  class space    used 15134K, committed 15488K, reserved 1048576K
}
Event: 12.401 {metaspace Before GC invocations=27 (full 0):
 Metaspace       used 108401K, committed 109312K, reserved 1179648K
  class space    used 16345K, committed 16704K, reserved 1048576K
}
Event: 12.410 {metaspace After GC invocations=28 (full 0):
 Metaspace       used 108401K, committed 109312K, reserved 1179648K
  class space    used 16345K, committed 16704K, reserved 1048576K
}
Event: 347.898 {metaspace Before GC invocations=28 (full 0):
 Metaspace       used 122047K, committed 123136K, reserved 1179648K
  class space    used 18282K, committed 18752K, reserved 1048576K
}
Event: 348.336 {metaspace After GC invocations=29 (full 1):
 Metaspace       used 122047K, committed 123136K, reserved 1179648K
  class space    used 18282K, committed 18752K, reserved 1048576K
}
Event: 353.630 {metaspace Before GC invocations=29 (full 1):
 Metaspace       used 122207K, committed 123264K, reserved 1179648K
  class space    used 18304K, committed 18752K, reserved 1048576K
}
Event: 353.656 {metaspace After GC invocations=30 (full 1):
 Metaspace       used 122207K, committed 123264K, reserved 1179648K
  class space    used 18304K, committed 18752K, reserved 1048576K
}
Event: 355.618 {metaspace Before GC invocations=31 (full 1):
 Metaspace       used 121904K, committed 123264K, reserved 1179648K
  class space    used 18211K, committed 18752K, reserved 1048576K
}
Event: 355.735 {metaspace After GC invocations=32 (full 2):
 Metaspace       used 121808K, committed 123264K, reserved 1179648K
  class space    used 18187K, committed 18752K, reserved 1048576K
}
Event: 359.848 {metaspace Before GC invocations=32 (full 2):
 Metaspace       used 121918K, committed 123264K, reserved 1179648K
  class space    used 18194K, committed 18752K, reserved 1048576K
}
Event: 359.867 {metaspace After GC invocations=33 (full 2):
 Metaspace       used 121918K, committed 123264K, reserved 1179648K
  class space    used 18194K, committed 18752K, reserved 1048576K
}
Event: 385.982 {metaspace Before GC invocations=34 (full 2):
 Metaspace       used 121934K, committed 123264K, reserved 1179648K
  class space    used 18197K, committed 18752K, reserved 1048576K
}

Dll operation events (20 events):
Event: 0.424 Attempting to load shared library C:\Program Files\Java\jdk-26.0.1\bin\zip.dll
Event: 0.424 Loaded shared library C:\Program Files\Java\jdk-26.0.1\bin\zip.dll
Event: 0.429 Attempting to load shared library C:\Program Files\Java\jdk-26.0.1\bin\instrument.dll
Event: 0.429 Loaded shared library C:\Program Files\Java\jdk-26.0.1\bin\instrument.dll
Event: 0.434 Attempting to load shared library C:\Program Files\Java\jdk-26.0.1\bin\net.dll
Event: 0.435 Loaded shared library C:\Program Files\Java\jdk-26.0.1\bin\net.dll
Event: 0.437 Attempting to load shared library C:\Program Files\Java\jdk-26.0.1\bin\nio.dll
Event: 0.438 Loaded shared library C:\Program Files\Java\jdk-26.0.1\bin\nio.dll
Event: 0.447 Attempting to load shared library C:\Program Files\Java\jdk-26.0.1\bin\zip.dll
Event: 0.447 Loaded shared library C:\Program Files\Java\jdk-26.0.1\bin\zip.dll
Event: 0.940 Attempting to load shared library C:\Program Files\Java\jdk-26.0.1\bin\extnet.dll
Event: 0.940 Loaded shared library C:\Program Files\Java\jdk-26.0.1\bin\extnet.dll
Event: 0.959 Attempting to load shared library C:\Program Files\Java\jdk-26.0.1\bin\jimage.dll
Event: 0.959 Loaded shared library C:\Program Files\Java\jdk-26.0.1\bin\jimage.dll
Event: 1.344 Attempting to load shared library C:\Program Files\Java\jdk-26.0.1\bin\management.dll
Event: 1.345 Loaded shared library C:\Program Files\Java\jdk-26.0.1\bin\management.dll
Event: 1.347 Attempting to load shared library C:\Program Files\Java\jdk-26.0.1\bin\management_ext.dll
Event: 1.347 Loaded shared library C:\Program Files\Java\jdk-26.0.1\bin\management_ext.dll
Event: 2.431 Attempting to load shared library C:\Program Files\Java\jdk-26.0.1\bin\sunmscapi.dll
Event: 2.432 Loaded shared library C:\Program Files\Java\jdk-26.0.1\bin\sunmscapi.dll

Deoptimization events (14 events):
Event: 1.829 Thread 0x000001d1314161b0 DEOPT PACKING pc=0x000001d120eba6b4 sp=0x00000041c06fc520
Event: 1.829 Thread 0x000001d1314161b0 DEOPT UNPACKING pc=0x000001d120a715a2 sp=0x00000041c06fba18 mode 0
Event: 6.159 Thread 0x000001d13141cf40 DEOPT PACKING pc=0x000001d120ec5ee1 sp=0x00000041c0eff050
Event: 6.159 Thread 0x000001d13141cf40 DEOPT UNPACKING pc=0x000001d120a715a2 sp=0x00000041c0efe4a8 mode 3
Event: 6.160 Thread 0x000001d1314161b0 DEOPT PACKING pc=0x000001d120ec88e6 sp=0x00000041c06f9a80
Event: 6.160 Thread 0x000001d1314161b0 DEOPT UNPACKING pc=0x000001d120a715a2 sp=0x00000041c06f8f10 mode 3
Event: 10.380 Thread 0x000001d1314161b0 DEOPT PACKING pc=0x000001d12178b954 sp=0x00000041c06f9500
Event: 10.380 Thread 0x000001d1314161b0 DEOPT UNPACKING pc=0x000001d120a715a2 sp=0x00000041c06f8b20 mode 0
Event: 10.419 Thread 0x000001d1314161b0 DEOPT PACKING pc=0x000001d12178c6ec sp=0x00000041c06fb0e0
Event: 10.419 Thread 0x000001d1314161b0 DEOPT UNPACKING pc=0x000001d120a715a2 sp=0x00000041c06fa610 mode 0
Event: 10.635 Thread 0x000001d1314161b0 DEOPT PACKING pc=0x000001d12178c6ec sp=0x00000041c06fc8f0
Event: 10.635 Thread 0x000001d1314161b0 DEOPT UNPACKING pc=0x000001d120a715a2 sp=0x00000041c06fbe20 mode 0
Event: 10.722 Thread 0x000001d1314161b0 DEOPT PACKING pc=0x000001d12178b954 sp=0x00000041c06fdd50
Event: 10.722 Thread 0x000001d1314161b0 DEOPT UNPACKING pc=0x000001d120a715a2 sp=0x00000041c06fd370 mode 0

Classes loaded (20 events):
Event: 304.176 Loading class java/time/format/DateTimeFormatterBuilder$ZoneTextPrinterParser
Event: 304.177 Loading class java/time/format/DateTimeFormatterBuilder$ZoneTextPrinterParser done
Event: 304.178 Loading class java/time/format/DateTimeFormatterBuilder$ReducedPrinterParser
Event: 304.178 Loading class java/time/format/DateTimeFormatterBuilder$ReducedPrinterParser done
Event: 304.444 Loading class sun/nio/cs/ISO_8859_1$Encoder
Event: 304.445 Loading class sun/nio/cs/ISO_8859_1$Encoder done
Event: 305.628 Loading class org/w3c/dom/Node
Event: 305.629 Loading class org/w3c/dom/Node done
Event: 305.629 Loading class org/w3c/dom/Document
Event: 305.630 Loading class org/w3c/dom/Document done
Event: 305.779 Loading class java/lang/invoke/BoundMethodHandle$Species_LLLLLLLLLLLL
Event: 305.779 Loading class java/lang/invoke/BoundMethodHandle$Species_LLLLLLLLLLLL done
Event: 305.791 Loading class java/lang/invoke/BoundMethodHandle$Species_LLLLLLLLLLLLL
Event: 305.791 Loading class java/lang/invoke/BoundMethodHandle$Species_LLLLLLLLLLLLL done
Event: 347.683 Loading class java/util/concurrent/ConcurrentHashMap$ValueSpliterator
Event: 347.684 Loading class java/util/concurrent/ConcurrentHashMap$ValueSpliterator done
Event: 347.745 Loading class javax/management/NotificationBroadcasterSupport$WildcardListenerInfo
Event: 347.746 Loading class javax/management/NotificationBroadcasterSupport$WildcardListenerInfo done
Event: 348.337 Loading class java/lang/ref/Finalizer$1
Event: 348.338 Loading class java/lang/ref/Finalizer$1 done

Classes unloaded (20 events):
Event: 355.657 Thread 0x000001d12bcf2ce0 Unloading class 0x000000002ee98000 'java/lang/invoke/LambdaForm$MH+0x000000002ee98000'
Event: 355.657 Thread 0x000001d12bcf2ce0 Unloading class 0x000000002ee93400 'java/lang/invoke/LambdaForm$MH+0x000000002ee93400'
Event: 355.657 Thread 0x000001d12bcf2ce0 Unloading class 0x000000002ee93000 'java/lang/invoke/LambdaForm$MH+0x000000002ee93000'
Event: 355.657 Thread 0x000001d12bcf2ce0 Unloading class 0x000000002ee92800 'java/lang/invoke/LambdaForm$MH+0x000000002ee92800'
Event: 355.657 Thread 0x000001d12bcf2ce0 Unloading class 0x000000002ee92400 'java/lang/invoke/LambdaForm$MH+0x000000002ee92400'
Event: 355.657 Thread 0x000001d12bcf2ce0 Unloading class 0x000000002ee90c00 'java/lang/invoke/LambdaForm$MH+0x000000002ee90c00'
Event: 355.657 Thread 0x000001d12bcf2ce0 Unloading class 0x000000002ee90800 'java/lang/invoke/LambdaForm$MH+0x000000002ee90800'
Event: 355.657 Thread 0x000001d12bcf2ce0 Unloading class 0x000000002ee81c00 'java/lang/invoke/LambdaForm$MH+0x000000002ee81c00'
Event: 355.657 Thread 0x000001d12bcf2ce0 Unloading class 0x000000002ee81800 'java/lang/invoke/LambdaForm$MH+0x000000002ee81800'
Event: 355.657 Thread 0x000001d12bcf2ce0 Unloading class 0x000000002ee80800 'java/lang/invoke/LambdaForm$MH+0x000000002ee80800'
Event: 355.657 Thread 0x000001d12bcf2ce0 Unloading class 0x000000002ee80400 'java/lang/invoke/LambdaForm$MH+0x000000002ee80400'
Event: 355.657 Thread 0x000001d12bcf2ce0 Unloading class 0x000000002ee5f800 'java/lang/invoke/LambdaForm$MH+0x000000002ee5f800'
Event: 355.657 Thread 0x000001d12bcf2ce0 Unloading class 0x000000002ee5f400 'java/lang/invoke/LambdaForm$MH+0x000000002ee5f400'
Event: 355.657 Thread 0x000001d12bcf2ce0 Unloading class 0x000000002ee5d800 'java/lang/invoke/LambdaForm$DMH+0x000000002ee5d800'
Event: 355.657 Thread 0x000001d12bcf2ce0 Unloading class 0x000000002ee5d400 'java/lang/invoke/LambdaForm$MH+0x000000002ee5d400'
Event: 355.657 Thread 0x000001d12bcf2ce0 Unloading class 0x000000002ee5d000 'java/lang/invoke/LambdaForm$MH+0x000000002ee5d000'
Event: 355.657 Thread 0x000001d12bcf2ce0 Unloading class 0x000000002ee53800 'java/lang/invoke/LambdaForm$MH+0x000000002ee53800'
Event: 355.657 Thread 0x000001d12bcf2ce0 Unloading class 0x000000002ee53400 'java/lang/invoke/LambdaForm$MH+0x000000002ee53400'
Event: 355.657 Thread 0x000001d12bcf2ce0 Unloading class 0x000000002ed9cc00 'java/lang/invoke/LambdaForm$MH+0x000000002ed9cc00'
Event: 355.657 Thread 0x000001d12bcf2ce0 Unloading class 0x000000002f241000 'org/apache/catalina/loader/JdbcLeakPrevention'

Classes redefined (0 events):
No events

Internal exceptions (20 events):
Event: 350.907 Thread 0x000001d13837cfd0 Exception <a 'java/io/FileNotFoundException'{0x000000070de50d48}> (0x000000070de50d48) 
thrown [s\open\src\hotspot\share\prims\jni.cpp, line 514]
Event: 350.928 Thread 0x000001d13837cfd0 Exception <a 'java/lang/NoSuchMethodError'{0x000000070df937d8}: 'void java.lang.invoke.DirectMethodHandle$Holder.invokeVirtual(java.lang.Object, java.lang.Object, long)'> (0x000000070df937d8) 
thrown [s\open\src\hotspot\share\interpreter\linkResolver.cpp, line 804]
Event: 353.171 Thread 0x000001d13837cfd0 Exception <a 'java/io/FileNotFoundException'{0x000000070bcd8d98}> (0x000000070bcd8d98) 
thrown [s\open\src\hotspot\share\prims\jni.cpp, line 514]
Event: 353.172 Thread 0x000001d13837cfd0 Exception <a 'java/io/FileNotFoundException'{0x000000070bce2d58}> (0x000000070bce2d58) 
thrown [s\open\src\hotspot\share\prims\jni.cpp, line 514]
Event: 353.173 Thread 0x000001d13837cfd0 Exception <a 'java/io/FileNotFoundException'{0x000000070bcecde8}> (0x000000070bcecde8) 
thrown [s\open\src\hotspot\share\prims\jni.cpp, line 514]
Event: 353.175 Thread 0x000001d13837cfd0 Exception <a 'java/io/FileNotFoundException'{0x000000070bcf6ea8}> (0x000000070bcf6ea8) 
thrown [s\open\src\hotspot\share\prims\jni.cpp, line 514]
Event: 354.187 Thread 0x000001d13837cfd0 Exception <a 'java/lang/NoClassDefFoundError'{0x0000000711e7db28}: org/springframework/data/util/TypeInformation> (0x0000000711e7db28) 
thrown [s\open\src\hotspot\share\classfile\systemDictionary.cpp, line 318]
Event: 355.558 Thread 0x000001d1387ba790 Exception <a 'java/lang/InterruptedException'{0x0000000712c00410}: sleep interrupted> (0x0000000712c00410) 
thrown [s\open\src\hotspot\share\prims\jvm.cpp, line 2873]
Event: 355.617 Thread 0x000001d138384500 Exception <a 'java/lang/InterruptedException'{0x00000007118ef628}: sleep interrupted> (0x00000007118ef628) 
thrown [s\open\src\hotspot\share\prims\jvm.cpp, line 2873]
Event: 355.804 Thread 0x000001d138c61840 Exception <a 'sun/nio/fs/WindowsException'{0x0000000710aef0d0}> (0x0000000710aef0d0) 
thrown [s\open\src\hotspot\share\prims\jni.cpp, line 514]
Event: 358.393 Thread 0x000001d138c61840 Exception <a 'java/io/FileNotFoundException'{0x000000070c7d3598}> (0x000000070c7d3598) 
thrown [s\open\src\hotspot\share\prims\jni.cpp, line 514]
Event: 358.717 Thread 0x000001d138c61840 Exception <a 'java/io/FileNotFoundException'{0x000000070befbc30}> (0x000000070befbc30) 
thrown [s\open\src\hotspot\share\prims\jni.cpp, line 514]
Event: 360.016 Thread 0x000001d138c61840 Exception <a 'java/io/FileNotFoundException'{0x0000000710b9aeb0}> (0x0000000710b9aeb0) 
thrown [s\open\src\hotspot\share\prims\jni.cpp, line 514]
Event: 360.017 Thread 0x000001d138c61840 Exception <a 'java/io/FileNotFoundException'{0x0000000710ba4e10}> (0x0000000710ba4e10) 
thrown [s\open\src\hotspot\share\prims\jni.cpp, line 514]
Event: 360.017 Thread 0x000001d138c61840 Exception <a 'java/io/FileNotFoundException'{0x0000000710baeea0}> (0x0000000710baeea0) 
thrown [s\open\src\hotspot\share\prims\jni.cpp, line 514]
Event: 360.018 Thread 0x000001d138c61840 Exception <a 'java/io/FileNotFoundException'{0x0000000710bb8f60}> (0x0000000710bb8f60) 
thrown [s\open\src\hotspot\share\prims\jni.cpp, line 514]
Event: 361.321 Thread 0x000001d138c61840 Exception <a 'java/lang/NoClassDefFoundError'{0x000000070ec760d0}: org/springframework/data/util/TypeInformation> (0x000000070ec760d0) 
thrown [s\open\src\hotspot\share\classfile\systemDictionary.cpp, line 318]
Event: 385.949 Thread 0x000001d138384500 Exception <a 'java/net/SocketException'{0x000000070ea7daa0}: Connection reset by peer: shutdown> (0x000000070ea7daa0) 
thrown [s\open\src\hotspot\share\prims\jni.cpp, line 532]
Event: 385.955 Thread 0x000001d138c685a0 Exception <a 'java/lang/InterruptedException'{0x0000000710968648}: sleep interrupted> (0x0000000710968648) 
thrown [s\open\src\hotspot\share\prims\jvm.cpp, line 2873]
Event: 385.981 Thread 0x000001d138c64720 Exception <a 'java/lang/InterruptedException'{0x000000070eb85770}: sleep interrupted> (0x000000070eb85770) 
thrown [s\open\src\hotspot\share\prims\jvm.cpp, line 2873]

VM Operations (20 events):
Event: 348.337 Executing safepoint VM operation: G1CollectFull (System.gc()) done
Event: 353.630 Executing safepoint VM operation: G1CollectForAllocation (G1 Evacuation Pause)
Event: 353.656 Executing safepoint VM operation: G1CollectForAllocation (G1 Evacuation Pause) done
Event: 353.773 Executing safepoint VM operation: G1PauseRemark
Event: 353.820 Executing safepoint VM operation: G1PauseRemark done
Event: 353.856 Executing safepoint VM operation: G1PauseCleanup
Event: 353.856 Executing safepoint VM operation: G1PauseCleanup done
Event: 355.618 Executing safepoint VM operation: G1CollectFull (System.gc())
Event: 355.735 Executing safepoint VM operation: G1CollectFull (System.gc()) done
Event: 359.848 Executing safepoint VM operation: G1CollectForAllocation (G1 Evacuation Pause)
Event: 359.867 Executing safepoint VM operation: G1CollectForAllocation (G1 Evacuation Pause) done
Event: 359.962 Executing safepoint VM operation: G1PauseRemark
Event: 359.967 Executing safepoint VM operation: G1PauseRemark done
Event: 359.996 Executing safepoint VM operation: G1PauseCleanup
Event: 360.003 Executing safepoint VM operation: G1PauseCleanup done
Event: 360.977 Executing non-safepoint VM operation: HandshakeAllThreads (DeflationHandshakeClosure)
Event: 360.977 Executing non-safepoint VM operation: HandshakeAllThreads (DeflationHandshakeClosure) done
Event: 360.978 Executing non-safepoint VM operation: RendezvousGCThreads
Event: 360.978 Executing non-safepoint VM operation: RendezvousGCThreads done
Event: 385.982 Executing safepoint VM operation: G1CollectFull (System.gc())

Memory protections (0 events):
No events

Nmethod flushes (20 events):
Event: 355.681 Thread 0x000001d12bcf2ce0 flushing  nmethod 0x000001d121756608
Event: 355.681 Thread 0x000001d12bcf2ce0 flushing  nmethod 0x000001d121757b08
Event: 355.681 Thread 0x000001d12bcf2ce0 flushing  nmethod 0x000001d121764208
Event: 355.681 Thread 0x000001d12bcf2ce0 flushing  nmethod 0x000001d121765208
Event: 355.681 Thread 0x000001d12bcf2ce0 flushing  nmethod 0x000001d121768788
Event: 355.681 Thread 0x000001d12bcf2ce0 flushing  nmethod 0x000001d121768a88
Event: 355.681 Thread 0x000001d12bcf2ce0 flushing  nmethod 0x000001d12177ed88
Event: 355.681 Thread 0x000001d12bcf2ce0 flushing  nmethod 0x000001d12177fb08
Event: 355.681 Thread 0x000001d12bcf2ce0 flushing  nmethod 0x000001d12177ff88
Event: 355.681 Thread 0x000001d12bcf2ce0 flushing  nmethod 0x000001d121780688
Event: 355.681 Thread 0x000001d12bcf2ce0 flushing  nmethod 0x000001d1217a3908
Event: 355.681 Thread 0x000001d12bcf2ce0 flushing  nmethod 0x000001d1217b6588
Event: 355.681 Thread 0x000001d12bcf2ce0 flushing  nmethod 0x000001d1217b6b88
Event: 355.681 Thread 0x000001d12bcf2ce0 flushing  nmethod 0x000001d1217b6e88
Event: 355.681 Thread 0x000001d12bcf2ce0 flushing  nmethod 0x000001d1217b7f88
Event: 355.681 Thread 0x000001d12bcf2ce0 flushing  nmethod 0x000001d1217b8508
Event: 355.681 Thread 0x000001d12bcf2ce0 flushing  nmethod 0x000001d1217b8808
Event: 355.681 Thread 0x000001d12bcf2ce0 flushing  nmethod 0x000001d1217b8b08
Event: 355.681 Thread 0x000001d12bcf2ce0 flushing  nmethod 0x000001d1217b8e88
Event: 355.681 Thread 0x000001d12bcf2ce0 flushing  nmethod 0x000001d1217b9588

Events (20 events):
Event: 385.955 Thread 0x000001d130dfc260 Thread added: 0x000001d130dfca30
Event: 385.955 Thread 0x000001d138c67600 Thread exited: 0x000001d138c67600
Event: 385.955 Thread 0x000001d130dfc260 Thread added: 0x000001d1387b8850
Event: 385.955 Thread 0x000001d130dfc260 Thread added: 0x000001d1387b8080
Event: 385.956 Thread 0x000001d130dfc260 Thread added: 0x000001d1387b5970
Event: 385.956 Thread 0x000001d130dfba90 Thread exited: 0x000001d130dfba90
Event: 385.956 Thread 0x000001d130dfd9d0 Thread added: 0x000001d1387b51a0
Event: 385.956 Thread 0x000001d1387b8850 Thread exited: 0x000001d1387b8850
Event: 385.956 Thread 0x000001d130dfd9d0 Thread exited: 0x000001d130dfd9d0
Event: 385.956 Thread 0x000001d1387b8080 Thread exited: 0x000001d1387b8080
Event: 385.956 Thread 0x000001d130dfc260 Thread added: 0x000001d1387b8850
Event: 385.956 Thread 0x000001d130dfc260 Thread added: 0x000001d1387b6910
Event: 385.956 Thread 0x000001d130dfca30 Thread exited: 0x000001d130dfca30
Event: 385.956 Thread 0x000001d1387b5970 Thread exited: 0x000001d1387b5970
Event: 385.957 Thread 0x000001d1387b8850 Thread exited: 0x000001d1387b8850
Event: 385.957 Thread 0x000001d1387b6910 Thread exited: 0x000001d1387b6910
Event: 385.962 Thread 0x000001d130dfc260 Thread added: 0x000001d1387b78b0
Event: 385.962 Thread 0x000001d138c66e30 Thread exited: 0x000001d138c66e30
Event: 385.965 Thread 0x000001d1387b78b0 Thread exited: 0x000001d1387b78b0
Event: 385.981 Thread 0x000001d138c64720 Thread exited: 0x000001d138c64720


Dynamic libraries:
0x00007ff7957b0000 - 0x00007ff7957c0000 	C:\Program Files\Java\jdk-26.0.1\bin\java.exe
0x00007ffc63460000 - 0x00007ffc636c6000 	C:\WINDOWS\SYSTEM32\ntdll.dll
0x00007ffc62b20000 - 0x00007ffc62be9000 	C:\WINDOWS\System32\KERNEL32.DLL
0x00007ffc607e0000 - 0x00007ffc60bde000 	C:\WINDOWS\System32\KERNELBASE.dll
0x00007ffc60ee0000 - 0x00007ffc6102c000 	C:\WINDOWS\System32\ucrtbase.dll
0x00007ffc5a960000 - 0x00007ffc5a977000 	C:\Program Files\Java\jdk-26.0.1\bin\jli.dll
0x00007ffc5a930000 - 0x00007ffc5a94e000 	C:\Program Files\Java\jdk-26.0.1\bin\VCRUNTIME140.dll
0x00007ffc621c0000 - 0x00007ffc62387000 	C:\WINDOWS\System32\USER32.dll
0x00007ffc60680000 - 0x00007ffc606a7000 	C:\WINDOWS\System32\win32u.dll
0x00007ffc3c640000 - 0x00007ffc3c8d2000 	C:\WINDOWS\WinSxS\amd64_microsoft.windows.common-controls_6595b64144ccf1df_6.0.26100.8875_none_3e0d5d42e32fe9dd\COMCTL32.dll
0x00007ffc62390000 - 0x00007ffc623bb000 	C:\WINDOWS\System32\GDI32.dll
0x00007ffc606b0000 - 0x00007ffc607da000 	C:\WINDOWS\System32\gdi32full.dll
0x00007ffc612a0000 - 0x00007ffc61349000 	C:\WINDOWS\System32\msvcrt.dll
0x00007ffc60bf0000 - 0x00007ffc60c93000 	C:\WINDOWS\System32\msvcp_win.dll
0x00007ffc62fd0000 - 0x00007ffc63002000 	C:\WINDOWS\System32\IMM32.DLL
0x00007ffc512b0000 - 0x00007ffc512bc000 	C:\Program Files\Java\jdk-26.0.1\bin\vcruntime140_1.dll
0x00007ffc3a710000 - 0x00007ffc3a79d000 	C:\Program Files\Java\jdk-26.0.1\bin\msvcp140.dll
0x00007ffbb3110000 - 0x00007ffbb3fde000 	C:\Program Files\Java\jdk-26.0.1\bin\server\jvm.dll
0x00007ffc62410000 - 0x00007ffc624c7000 	C:\WINDOWS\System32\ADVAPI32.dll
0x00007ffc62d80000 - 0x00007ffc62e2a000 	C:\WINDOWS\System32\sechost.dll
0x00007ffc62650000 - 0x00007ffc62768000 	C:\WINDOWS\System32\RPCRT4.dll
0x00007ffc63390000 - 0x00007ffc63410000 	C:\WINDOWS\System32\WS2_32.dll
0x00007ffc60500000 - 0x00007ffc6055e000 	C:\WINDOWS\SYSTEM32\POWRPROF.dll
0x00007ffc57790000 - 0x00007ffc577c6000 	C:\WINDOWS\SYSTEM32\WINMM.dll
0x00007ffc4f8e0000 - 0x00007ffc4f8eb000 	C:\WINDOWS\SYSTEM32\VERSION.dll
0x00007ffc604e0000 - 0x00007ffc604f4000 	C:\WINDOWS\SYSTEM32\UMPDC.dll
0x00007ffc5f320000 - 0x00007ffc5f33b000 	C:\WINDOWS\SYSTEM32\kernel.appcore.dll
0x00007ffc512a0000 - 0x00007ffc512aa000 	C:\Program Files\Java\jdk-26.0.1\bin\jimage.dll
0x00007ffc5dc20000 - 0x00007ffc5de62000 	C:\WINDOWS\SYSTEM32\DBGHELP.DLL
0x00007ffc62770000 - 0x00007ffc62af3000 	C:\WINDOWS\System32\combase.dll
0x00007ffc62bf0000 - 0x00007ffc62cc9000 	C:\WINDOWS\System32\OLEAUT32.dll
0x00007ffc2e9d0000 - 0x00007ffc2ea0b000 	C:\WINDOWS\SYSTEM32\dbgcore.DLL
0x00007ffc60ca0000 - 0x00007ffc60d4c000 	C:\WINDOWS\System32\bcryptPrimitives.dll
0x00007ffc51270000 - 0x00007ffc51280000 	C:\Program Files\Java\jdk-26.0.1\bin\instrument.dll
0x00007ffc51280000 - 0x00007ffc5129f000 	C:\Program Files\Java\jdk-26.0.1\bin\java.dll
0x00007ffc62e30000 - 0x00007ffc62fc9000 	C:\WINDOWS\System32\ole32.dll
0x00007ffc61450000 - 0x00007ffc61be2000 	C:\WINDOWS\System32\SHELL32.dll
0x00007ffc5e0e0000 - 0x00007ffc5e972000 	C:\WINDOWS\SYSTEM32\windows.storage.dll
0x00007ffc63010000 - 0x00007ffc63107000 	C:\WINDOWS\System32\SHCORE.dll
0x00007ffc61cb0000 - 0x00007ffc61d17000 	C:\WINDOWS\System32\shlwapi.dll
0x00007ffc605a0000 - 0x00007ffc605c9000 	C:\WINDOWS\SYSTEM32\profapi.dll
0x00007ffc511e0000 - 0x00007ffc511f7000 	C:\Program Files\Java\jdk-26.0.1\bin\zip.dll
0x00007ffc51250000 - 0x00007ffc51262000 	C:\Program Files\Java\jdk-26.0.1\bin\net.dll
0x00007ffc5f8b0000 - 0x00007ffc5f91c000 	C:\WINDOWS\system32\mswsock.dll
0x00007ffc51200000 - 0x00007ffc51216000 	C:\Program Files\Java\jdk-26.0.1\bin\nio.dll
0x00007ffc511b0000 - 0x00007ffc511b9000 	C:\Program Files\Java\jdk-26.0.1\bin\extnet.dll
0x00007ffc3dc00000 - 0x00007ffc3dc0a000 	C:\Program Files\Java\jdk-26.0.1\bin\management.dll
0x00007ffc3a9c0000 - 0x00007ffc3a9cc000 	C:\Program Files\Java\jdk-26.0.1\bin\management_ext.dll
0x00007ffc63380000 - 0x00007ffc63388000 	C:\WINDOWS\System32\PSAPI.DLL
0x00007ffc511c0000 - 0x00007ffc511ce000 	C:\Program Files\Java\jdk-26.0.1\bin\sunmscapi.dll
0x00007ffc60d60000 - 0x00007ffc60ed8000 	C:\WINDOWS\System32\CRYPT32.dll
0x00007ffc5fe50000 - 0x00007ffc5fe80000 	C:\WINDOWS\SYSTEM32\ncrypt.dll
0x00007ffc5fe00000 - 0x00007ffc5fe3f000 	C:\WINDOWS\SYSTEM32\NTASN1.dll
0x00007ffc5fce0000 - 0x00007ffc5fcfb000 	C:\WINDOWS\SYSTEM32\CRYPTSP.dll
0x00007ffc5f280000 - 0x00007ffc5f2b9000 	C:\WINDOWS\system32\rsaenh.dll
0x00007ffc5f970000 - 0x00007ffc5f9a2000 	C:\WINDOWS\SYSTEM32\USERENV.dll
0x00007ffc60570000 - 0x00007ffc6059a000 	C:\WINDOWS\SYSTEM32\bcrypt.dll
0x00007ffc5fb20000 - 0x00007ffc5fb2c000 	C:\WINDOWS\SYSTEM32\CRYPTBASE.dll
0x00007ffc5ecd0000 - 0x00007ffc5ed03000 	C:\WINDOWS\SYSTEM32\IPHLPAPI.DLL
0x00007ffc624d0000 - 0x00007ffc624da000 	C:\WINDOWS\System32\NSI.dll
0x00007ffc5ed60000 - 0x00007ffc5eeb6000 	C:\WINDOWS\SYSTEM32\DNSAPI.dll
0x00007ffc5f6d0000 - 0x00007ffc5f6dd000 	C:\WINDOWS\SYSTEM32\DSPARSE.dll
0x000000006ff20000 - 0x000000006ff46000 	C:\Program Files\Bonjour\mdnsNSP.dll
0x00007ffc57310000 - 0x00007ffc5731b000 	C:\Windows\System32\rasadhlp.dll
0x00007ffc58e10000 - 0x00007ffc58e96000 	C:\WINDOWS\System32\fwpuclnt.dll
0x00007ffbe3ba0000 - 0x00007ffbe3ba8000 	C:\WINDOWS\system32\wshunix.dll
0x00007ffc249a0000 - 0x00007ffc249b8000 	C:\WINDOWS\system32\napinsp.dll
0x00007ffc24890000 - 0x00007ffc248a3000 	C:\WINDOWS\System32\winrnr.dll
0x00007ffc23e50000 - 0x00007ffc23e72000 	C:\WINDOWS\system32\nlansp_c.dll
0x00007ffc4fba0000 - 0x00007ffc4fbb6000 	C:\WINDOWS\system32\wshbth.dll
0x00007ffc57400000 - 0x00007ffc5741d000 	C:\WINDOWS\SYSTEM32\dhcpcsvc6.DLL
0x00007ffc573d0000 - 0x00007ffc573f5000 	C:\WINDOWS\SYSTEM32\dhcpcsvc.DLL

JVMTI agents:
C:\Program Files\JetBrains\IntelliJ IDEA 2026.1.1\lib\idea_rt.jar path:C:\Program Files\Java\jdk-26.0.1\bin\instrument.dll, loaded, initialized, instrumentlib options:50060

dbghelp: loaded successfully - version: 4.0.5 - missing functions: none
symbol engine: initialized successfully - sym options: 0x614 - pdb path: .;C:\Program Files\Java\jdk-26.0.1\bin;C:\WINDOWS\SYSTEM32;C:\WINDOWS\WinSxS\amd64_microsoft.windows.common-controls_6595b64144ccf1df_6.0.26100.8875_none_3e0d5d42e32fe9dd;C:\Program Files\Java\jdk-26.0.1\bin\server;C:\Program Files\Bonjour

VM Arguments:
jvm_args: -XX:TieredStopAtLevel=1 -Dspring.output.ansi.enabled=always -javaagent:C:\Program Files\JetBrains\IntelliJ IDEA 2026.1.1\lib\idea_rt.jar=50060 -Dfile.encoding=UTF-8 -Dsun.stdout.encoding=UTF-8 -Dsun.stderr.encoding=UTF-8 
java_command: com.jemigraph.jemigraph_backend.JemigraphBackendApplication
java_class_path (initial): D:\projects\jemigraph_backend\target\classes;C:\Users\Administrator\.m2\repository\org\springframework\boot\spring-boot-starter-data-jdbc\4.0.6\spring-boot-starter-data-jdbc-4.0.6.jar;C:\Users\Administrator\.m2\repository\org\springframework\boot\spring-boot-starter\4.0.6\spring-boot-starter-4.0.6.jar;C:\Users\Administrator\.m2\repository\org\springframework\boot\spring-boot-starter-logging\4.0.6\spring-boot-starter-logging-4.0.6.jar;C:\Users\Administrator\.m2\repository\ch\qos\logback\logback-classic\1.5.32\logback-classic-1.5.32.jar;C:\Users\Administrator\.m2\repository\ch\qos\logback\logback-core\1.5.32\logback-core-1.5.32.jar;C:\Users\Administrator\.m2\repository\org\apache\logging\log4j\log4j-to-slf4j\2.25.4\log4j-to-slf4j-2.25.4.jar;C:\Users\Administrator\.m2\repository\org\apache\logging\log4j\log4j-api\2.25.4\log4j-api-2.25.4.jar;C:\Users\Administrator\.m2\repository\org\slf4j\jul-to-slf4j\2.0.17\jul-to-slf4j-2.0.17.jar;C:\Users\Administrator\.m2\repository\jakarta\annotation\jakarta.annotation-api\3.0.0\jakarta.annotation-api-3.0.0.jar;C:\Users\Administrator\.m2\repository\org\yaml\snakeyaml\2.5\snakeyaml-2.5.jar;C:\Users\Administrator\.m2\repository\org\springframework\boot\spring-boot-starter-jdbc\4.0.6\spring-boot-starter-jdbc-4.0.6.jar;C:\Users\Administrator\.m2\repository\com\zaxxer\HikariCP\7.0.2\HikariCP-7.0.2.jar;C:\Users\Administrator\.m2\repository\org\springframework\boot\spring-boot-data-jdbc\4.0.6\spring-boot-data-jdbc-4.0.6.jar;C:\Users\Administrator\.m2\repository\org\springframework\boot\spring-boot-data-commons\4.0.6\spring-boot-data-commons-4.0.6.jar;C:\Users\Administrator\.m2\repository\org\springframework\boot\spring-boot-persistence\4.0.6\spring-boot-persistence-4.0.6.jar;C:\Users\Administrator\.m2\repository\org\springframework\data\spring-data-jdbc\4.0.5\spring-data-jdbc-4.0.5.jar;C:\Users\Administrator\.m2\repository\org\springframework\data\spring-data-relational\4.0.5\spring-data-relational-4.0.5.jar;C:\Users\Administrator\.m2\repository\org\springframework\boot\spring-boot-jdbc\4.0.6\spring-boot-jdbc-4.0.6.jar;C:\Users\Administrator\.m2\repository\org\springframework\boot\spring-boot-sql\4.0.6\spring-boot-sql-4.0.6.jar;C:\Users\Administrator\.m2\repository\org\springframework\boot\spring-boot-transaction\4.0.6\spring-boot-transaction-4.0.6.jar;C:\Users\Administrator\.m2\repository\org\springframework\spring-jdbc\7.0.7\spring-jdbc-7.0.7.jar;C:\Users\Administrator\.m2\repository\org\springframework\boot\spring-boot-starter-data-jpa\4.0.6\spring-boot-starter-data-jpa-4.0.6.jar;C:\Users\Administrator\.m2\repository\org\springframework\boot\spring-boot-data-jpa\4.0.6\spring-boot-data-jpa-4.0.6.jar;C:\Users\Administrator\.m2\repository\org\springframework\boot\spring-boot-hibernate\4.0.6\spring-boot-hibernate-4.0.6.jar;C:\Users\Administrator\.m2\repository\org\springframework\boot\spring-boot-jpa\4.0.6\spring-boot-jpa-4.0.6.jar;C:\Users\Administrator\.m2\repository\org\springframework\spring-orm\7.0.7\spring-orm-7.0.7.jar;C:\Users\Administrator\.m2\repository\org\springframework\data\spring-data-jpa\4.0.5\spring-data-jpa-4.0.5.jar;C:\Users\Administrator\.m2\repository\org\springframework\spring-aspects\7.0.7\spring-aspects-7.0.7.jar;C:\Users\Administrator\.m2\repository\org\aspectj\aspectjweaver\1.9.25.1\aspectjweaver-1.9.25.1.jar;C:\Users\Administrator\.m2\repository\org\springframework\boot\spring-boot-starter-restclient\4.0.6\spring-boot-starter-restclient-4.0.6.jar;C:\Users\Administrator\.m2\repository\org\springframework\boot\spring-boot-starter-jackson\4.0.6\spring-boot-starter-jackson-4.0.6.jar;C:\Users\Administrator\.m2\repository\org\springframework\boot\spring-boot-jackson\4.0.6\spring-boot-jackson-4.0.6.jar;C:\Users\Administrator\.m2\repository\tools\jackson\core\jackson-databind\3.1.2\jackson-databind-3.1.2.jar;C:\Users\Administrator\.m2\repository\tools\jackson\core\jackson-core\3.1.2\jackson-core-3.1.2.jar;C:\Users\Administrator\.m2\repository\org\springframework\boot\spring-boot-restclient\4.0.6\spring-boot-restclient-4.0.6.jar;C:\Users\Administrator\.m2\repository\org\springframework\boot\spring-boot-http-client\4.0.6\spring-boot-http-client-4.0.6.jar;C:\Users\Administrator\.m2\repository\org\springframework\boot\spring-boot-starter-webmvc\4.0.6\spring-boot-starter-webmvc-4.0.6.jar;C:\Users\Administrator\.m2\repository\org\springframework\boot\spring-boot-starter-tomcat\4.0.6\spring-boot-starter-tomcat-4.0.6.jar;C:\Users\Administrator\.m2\repository\org\springframework\boot\spring-boot-starter-tomcat-runtime\4.0.6\spring-boot-starter-tomcat-runtime-4.0.6.jar;C:\Users\Administrator\.m2\repository\org\springframework\boot\spring-boot-web-server\4.0.6\spring-boot-web-server-4.0.6.jar;C:\Users\Administrator\.m2\repository\org\apache\tomcat\embed\tomcat-embed-core\11.0.21\tomcat-embed-core-11.0.21.jar;C:\Users\Administrator\.m2\repository\org\apache\tomcat\embed\tomcat-embed-websocket\11.0.21\tomcat-embed-websocket-11.0.21.jar;C:\Users\Administrator\.m2\repository\org\springframework\boot\spring-boot-tomcat\4.0.6\spring-boot-tomcat-4.0.6.jar;C:\Users\Administrator\.m2\repository\org\springframework\boot\spring-boot-http-converter\4.0.6\spring-boot-http-converter-4.0.6.jar;C:\Users\Administrator\.m2\repository\org\springframework\spring-web\7.0.7\spring-web-7.0.7.jar;C:\Users\Administrator\.m2\repository\org\springframework\boot\spring-boot-webmvc\4.0.6\spring-boot-webmvc-4.0.6.jar;C:\Users\Administrator\.m2\repository\org\springframework\boot\spring-boot-servlet\4.0.6\spring-boot-servlet-4.0.6.jar;C:\Users\Administrator\.m2\repository\org\springframework\spring-webmvc\7.0.7\spring-webmvc-7.0.7.jar;C:\Users\Administrator\.m2\repository\org\springframework\boot\spring-boot-starter-websocket\4.0.6\spring-boot-starter-websocket-4.0.6.jar;C:\Users\Administrator\.m2\repository\org\springframework\boot\spring-boot-websocket\4.0.6\spring-boot-websocket-4.0.6.jar;C:\Users\Administrator\.m2\repository\org\springframework\spring-messaging\7.0.7\spring-messaging-7.0.7.jar;C:\Users\Administrator\.m2\repository\org\springframework\spring-websocket\7.0.7\spring-websocket-7.0.7.jar;C:\Users\Administrator\.m2\repository\org\springframework\boot\spring-boot-starter-data-redis\4.0.6\spring-boot-starter-data-redis-4.0.6.jar;C:\Users\Administrator\.m2\repository\org\springframework\boot\spring-boot-data-redis\4.0.6\spring-boot-data-redis-4.0.6.jar;C:\Users\Administrator\.m2\repository\io\lettuce\lettuce-core\6.8.2.RELEASE\lettuce-core-6.8.2.RELEASE.jar;C:\Users\Administrator\.m2\repository\io\projectreactor\reactor-core\3.8.5\reactor-core-3.8.5.jar;C:\Users\Administrator\.m2\repository\org\reactivestreams\reactive-streams\1.0.4\reactive-streams-1.0.4.jar;C:\Users\Administrator\.m2\repository\io\netty\netty-resolver-dns\4.2.12.Final\netty-resolver-dns-4.2.12.Final.jar;C:\Users\Administrator\.m2\repository\io\netty\netty-codec-dns\4.2.12.Final\netty-codec-dns-4.2.12.Final.jar;C:\Users\Administrator\.m2\repository\org\springframework\data\spring-data-redis\4.0.5\spring-data-redis-4.0.5.jar;C:\Users\Administrator\.m2\repository\org\springframework\data\spring-data-keyvalue\4.0.5\spring-data-keyvalue-4.0.5.jar;C:\Users\Administrator\.m2\repository\org\springframework\spring-oxm\7.0.7\spring-oxm-7.0.7.jar;C:\Users\Administrator\.m2\repository\org\springframework\boot\spring-boot-netty\4.0.6\spring-boot-netty-4.0.6.jar;C:\Users\Administrator\.m2\repository\org\springframework\boot\spring-boot-starter-security\4.0.6\spring-boot-starter-security-4.0.6.jar;C:\Users\Administrator\.m2\repository\org\springframework\boot\spring-boot-security\4.0.6\spring-boot-security-4.0.6.jar;C:\Users\Administrator\.m2\repository\org\springframework\security\spring-security-config\7.0.5\spring-security-config-7.0.5.jar;C:\Users\Administrator\.m2\repository\org\springframework\security\spring-security-core\7.0.5\spring-security-core-7.0.5.jar;C:\Users\Administrator\.m2\repository\org\springframework\security\spring-security-crypto\7.0.5\spring-security-crypto-7.0.5.jar;C:\Users\Administrator\.m2\repository\org\springframework\security\spring-security-web\7.0.5\spring-security-web-7.0.5.jar;C:\Users\Administrator\.m2\repository\org\springframework\spring-aop\7.0.7\spring-aop-7.0.7.jar;C:\Users\Administrator\.m2\repository\org\springframework\spring-beans\7.0.7\spring-beans-7.0.7.jar;C:\Users\Administrator\.m2\repository\me\paulschwarz\springboot4-dotenv\5.1.0\springboot4-dotenv-5.1.0.jar;C:\Users\Administrator\.m2\repository\me\paulschwarz\spring-dotenv\5.1.0\spring-dotenv-5.1.0.jar;C:\Users\Administrator\.m2\repository\io\github\cdimascio\dotenv-java\3.2.0\dotenv-java-3.2.0.jar;C:\Users\Administrator\.m2\repository\org\postgresql\postgresql\42.7.10\postgresql-42.7.10.jar;C:\Users\Administrator\.m2\repository\org\checkerframework\checker-qual\3.52.0\checker-qual-3.52.0.jar;C:\Users\Administrator\.m2\repository\redis\clients\jedis\7.2.0\jedis-7.2.0.jar;C:\Users\Administrator\.m2\repository\org\slf4j\slf4j-api\2.0.17\slf4j-api-2.0.17.jar;C:\Users\Administrator\.m2\repository\org\apache\commons\commons-pool2\2.12.1\commons-pool2-2.12.1.jar;C:\Users\Administrator\.m2\repository\org\json\json\20250517\json-20250517.jar;C:\Users\Administrator\.m2\repository\com\google\code\gson\gson\2.13.2\gson-2.13.2.jar;C:\Users\Administrator\.m2\repository\com\google\errorprone\error_prone_annotations\2.41.0\error_prone_annotations-2.41.0.jar;C:\Users\Administrator\.m2\repository\redis\clients\authentication\redis-authx-core\0.1.1-beta2\redis-authx-core-0.1.1-beta2.jar;C:\Users\Administrator\.m2\repository\org\mapstruct\mapstruct\1.7.0.Beta1\mapstruct-1.7.0.Beta1.jar;C:\Users\Administrator\.m2\repository\org\projectlombok\lombok\1.18.46\lombok-1.18.46.jar;C:\Users\Administrator\.m2\repository\org\springframework\boot\spring-boot-devtools\4.0.6\spring-boot-devtools-4.0.6.jar;C:\Users\Administrator\.m2\repository\org\springframework\boot\spring-boot\4.0.6\spring-boot-4.0.6.jar;C:\Users\Administrator\.m2\repository\org\springframework\boot\spring-boot-autoconfigure\4.0.6\spring-boot-autoconfigure-4.0.6.jar;C:\Users\Administrator\.m2\repository\io\jsonwebtoken\jjwt-api\0.12.5\jjwt-api-0.12.5.jar;C:\Users\Administrator\.m2\repository\io\jsonwebtoken\jjwt-impl\0.12.6\jjwt-impl-0.12.6.jar;C:\Users\Administrator\.m2\repository\io\jsonwebtoken\jjwt-jackson\0.12.5\jjwt-jackson-0.12.5.jar;C:\Users\Administrator\.m2\repository\com\fasterxml\jackson\core\jackson-databind\2.21.2\jackson-databind-2.21.2.jar;C:\Users\Administrator\.m2\repository\com\fasterxml\jackson\core\jackson-annotations\2.21\jackson-annotations-2.21.jar;C:\Users\Administrator\.m2\repository\com\fasterxml\jackson\core\jackson-core\2.21.2\jackson-core-2.21.2.jar;C:\Users\Administrator\.m2\repository\jakarta\xml\bind\jakarta.xml.bind-api\4.0.4\jakarta.xml.bind-api-4.0.4.jar;C:\Users\Administrator\.m2\repository\jakarta\activation\jakarta.activation-api\2.1.4\jakarta.activation-api-2.1.4.jar;C:\Users\Administrator\.m2\repository\net\bytebuddy\byte-buddy\1.17.8\byte-buddy-1.17.8.jar;C:\Users\Administrator\.m2\repository\org\springframework\spring-core\7.0.7\spring-core-7.0.7.jar;C:\Users\Administrator\.m2\repository\commons-logging\commons-logging\1.3.6\commons-logging-1.3.6.jar;C:\Users\Administrator\.m2\repository\org\jspecify\jspecify\1.0.0\jspecify-1.0.0.jar;C:\Users\Administrator\.m2\repository\org\springframework\boot\spring-boot-starter-validation\4.0.6\spring-boot-starter-validation-4.0.6.jar;C:\Users\Administrator\.m2\repository\org\springframework\boot\spring-boot-validation\4.0.6\spring-boot-validation-4.0.6.jar;C:\Users\Administrator\.m2\repository\org\apache\tomcat\embed\tomcat-embed-el\11.0.21\tomcat-embed-el-11.0.21.jar;C:\Users\Administrator\.m2\repository\org\hibernate\validator\hibernate-validator\9.0.1.Final\hibernate-validator-9.0.1.Final.jar;C:\Users\Administrator\.m2\repository\jakarta\validation\jakarta.validation-api\3.1.1\jakarta.validation-api-3.1.1.jar;C:\Users\Administrator\.m2\repository\org\springframework\boot\spring-boot-starter-actuator\4.0.6\spring-boot-starter-actuator-4.0.6.jar;C:\Users\Administrator\.m2\repository\org\springframework\boot\spring-boot-starter-micrometer-metrics\4.0.6\spring-boot-starter-micrometer-metrics-4.0.6.jar;C:\Users\Administrator\.m2\repository\org\springframework\boot\spring-boot-micrometer-metrics\4.0.6\spring-boot-micrometer-metrics-4.0.6.jar;C:\Users\Administrator\.m2\repository\org\springframework\boot\spring-boot-micrometer-observation\4.0.6\spring-boot-micrometer-observation-4.0.6.jar;C:\Users\Administrator\.m2\repository\org\springframework\boot\spring-boot-actuator-autoconfigure\4.0.6\spring-boot-actuator-autoconfigure-4.0.6.jar;C:\Users\Administrator\.m2\repository\org\springframework\boot\spring-boot-actuator\4.0.6\spring-boot-actuator-4.0.6.jar;C:\Users\Administrator\.m2\repository\org\springframework\boot\spring-boot-health\4.0.6\spring-boot-health-4.0.6.jar;C:\Users\Administrator\.m2\repository\io\micrometer\micrometer-observation\1.16.5\micrometer-observation-1.16.5.jar;C:\Users\Administrator\.m2\repository\io\micrometer\micrometer-commons\1.16.5\micrometer-commons-1.16.5.jar;C:\Users\Administrator\.m2\repository\io\micrometer\micrometer-jakarta9\1.16.5\micrometer-jakarta9-1.16.5.jar;C:\Users\Administrator\.m2\repository\io\micrometer\micrometer-core\1.16.5\micrometer-core-1.16.5.jar;C:\Users\Administrator\.m2\repository\org\hdrhistogram\HdrHistogram\2.2.2\HdrHistogram-2.2.2.jar;C:\Users\Administrator\.m2\repository\org\latencyutils\LatencyUtils\2.0.3\LatencyUtils-2.0.3.jar;C:\Users\Administrator\.m2\repository\org\springframework\boot\spring-boot-starter-mail\4.1.0-RC1\spring-boot-starter-mail-4.1.0-RC1.jar;C:\Users\Administrator\.m2\repository\org\springframework\boot\spring-boot-mail\4.0.6\spring-boot-mail-4.0.6.jar;C:\Users\Administrator\.m2\repository\org\springframework\spring-context-support\7.0.7\spring-context-support-7.0.7.jar;C:\Users\Administrator\.m2\repository\jakarta\mail\jakarta.mail-api\2.1.5\jakarta.mail-api-2.1.5.jar;C:\Users\Administrator\.m2\repository\org\eclipse\angus\angus-mail\2.0.5\angus-mail-2.0.5.jar;C:\Users\Administrator\.m2\repository\org\eclipse\angus\angus-activation\2.0.3\angus-activation-2.0.3.jar;C:\Users\Administrator\.m2\repository\org\hibernate\orm\hibernate-envers\7.4.3.Final\hibernate-envers-7.4.3.Final.jar;C:\Users\Administrator\.m2\repository\org\hibernate\orm\hibernate-core\7.2.12.Final\hibernate-core-7.2.12.Final.jar;C:\Users\Administrator\.m2\repository\jakarta\persistence\jakarta.persistence-api\3.2.0\jakarta.persistence-api-3.2.0.jar;C:\Users\Administrator\.m2\repository\jakarta\transaction\jakarta.transaction-api\2.0.1\jakarta.transaction-api-2.0.1.jar;C:\Users\Administrator\.m2\repository\com\fasterxml\classmate\1.7.3\classmate-1.7.3.jar;C:\Users\Administrator\.m2\repository\jakarta\inject\jakarta.inject-api\2.0.1\jakarta.inject-api-2.0.1.jar;C:\Users\Administrator\.m2\repository\org\antlr\antlr4-runtime\4.13.2\antlr4-runtime-4.13.2.jar;C:\Users\Administrator\.m2\repository\org\jboss\logging\jboss-logging\3.6.3.Final\jboss-logging-3.6.3.Final.jar;C:\Users\Administrator\.m2\repository\org\hibernate\models\hibernate-models\1.1.1\hibernate-models-1.1.1.jar;C:\Users\Administrator\.m2\repository\org\glassfish\jaxb\jaxb-runtime\4.0.6\jaxb-runtime-4.0.6.jar;C:\Users\Administrator\.m2\repository\org\glassfish\jaxb\jaxb-core\4.0.6\jaxb-core-4.0.6.jar;C:\Users\Administrator\.m2\repository\org\glassfish\jaxb\txw2\4.0.6\txw2-4.0.6.jar;C:\Users\Administrator\.m2\repository\com\sun\istack\istack-commons-runtime\4.1.2\istack-commons-runtime-4.1.2.jar;C:\Users\Administrator\.m2\repository\io\smallrye\jandex\3.3.2\jandex-3.3.2.jar;C:\Users\Administrator\.m2\repository\com\google\firebase\firebase-admin\9.8.0\firebase-admin-9.8.0.jar;C:\Users\Administrator\.m2\repository\com\google\auth\google-auth-library-oauth2-http\1.42.1\google-auth-library-oauth2-http-1.42.1.jar;C:\Users\Administrator\.m2\repository\com\google\auto\value\auto-value-annotations\1.11.0\auto-value-annotations-1.11.0.jar;C:\Users\Administrator\.m2\repository\com\google\code\findbugs\jsr305\3.0.2\jsr305-3.0.2.jar;C:\Users\Administrator\.m2\repository\com\google\auth\google-auth-library-credentials\1.42.1\google-auth-library-credentials-1.42.1.jar;C:\Users\Administrator\.m2\repository\com\google\http-client\google-http-client-gson\2.1.0\google-http-client-gson-2.1.0.jar;C:\Users\Administrator\.m2\repository\com\google\api-client\google-api-client\2.7.2\google-api-client-2.7.2.jar;C:\Users\Administrator\.m2\repository\com\google\oauth-client\google-oauth-client\1.36.0\google-oauth-client-1.36.0.jar;C:\Users\Administrator\.m2\repository\com\google\http-client\google-http-client-apache-v2\1.45.2\google-http-client-apache-v2-1.45.2.jar;C:\Users\Administrator\.m2\repository\org\apache\httpcomponents\httpcore\4.4.16\httpcore-4.4.16.jar;C:\Users\Administrator\.m2\repository\com\google\api-client\google-api-client-gson\2.7.2\google-api-client-gson-2.7.2.jar;C:\Users\Administrator\.m2\repository\com\google\http-client\google-http-client\2.1.0\google-http-client-2.1.0.jar;C:\Users\Administrator\.m2\repository\com\google\j2objc\j2objc-annotations\3.0.0\j2objc-annotations-3.0.0.jar;C:\Users\Administrator\.m2\repository\io\grpc\grpc-context\1.70.0\grpc-context-1.70.0.jar;C:\Users\Administrator\.m2\repository\io\opencensus\opencensus-api\0.31.1\opencensus-api-0.31.1.jar;C:\Users\Administrator\.m2\repository\io\opencensus\opencensus-contrib-http-util\0.31.1\opencensus-contrib-http-util-0.31.1.jar;C:\Users\Administrator\.m2\repository\com\google\api\api-common\2.57.1\api-common-2.57.1.jar;C:\Users\Administrator\.m2\repository\javax\annotation\javax.annotation-api\1.3.2\javax.annotation-api-1.3.2.jar;C:\Users\Administrator\.m2\repository\com\google\cloud\google-cloud-storage\2.63.0\google-cloud-storage-2.63.0.jar;C:\Users\Administrator\.m2\repository\com\fasterxml\jackson\dataformat\jackson-dataformat-xml\2.21.2\jackson-dataformat-xml-2.21.2.jar;C:\Users\Administrator\.m2\repository\org\codehaus\woodstox\stax2-api\4.2.2\stax2-api-4.2.2.jar;C:\Users\Administrator\.m2\repository\com\fasterxml\woodstox\woodstox-core\7.0.0\woodstox-core-7.0.0.jar;C:\Users\Administrator\.m2\repository\com\fasterxml\jackson\datatype\jackson-datatype-jsr310\2.21.2\jackson-datatype-jsr310-2.21.2.jar;C:\Users\Administrator\.m2\repository\com\google\guava\failureaccess\1.0.3\failureaccess-1.0.3.jar;C:\Users\Administrator\.m2\repository\com\google\guava\listenablefuture\9999.0-empty-to-avoid-conflict-with-guava\listenablefuture-9999.0-empty-to-avoid-conflict-with-guava.jar;C:\Users\Administrator\.m2\repository\com\google\http-client\google-http-client-jackson2\2.1.0\google-http-client-jackson2-2.1.0.jar;C:\Users\Administrator\.m2\repository\com\google\apis\google-api-services-storage\v1-rev20251118-2.0.0\google-api-services-storage-v1-rev20251118-2.0.0.jar;C:\Users\Administrator\.m2\repository\com\google\cloud\google-cloud-core\2.64.1\google-cloud-core-2.64.1.jar;C:\Users\Administrator\.m2\repository\com\google\cloud\google-cloud-core-http\2.64.1\google-cloud-core-http-2.64.1.jar;C:\Users\Administrator\.m2\repository\com\google\http-client\google-http-client-appengine\2.1.0\google-http-client-appengine-2.1.0.jar;C:\Users\Administrator\.m2\repository\com\google\api\gax-httpjson\2.74.1\gax-httpjson-2.74.1.jar;C:\Users\Administrator\.m2\repository\com\google\cloud\google-cloud-core-grpc\2.64.1\google-cloud-core-grpc-2.64.1.jar;C:\Users\Administrator\.m2\repository\com\google\api\gax\2.74.1\gax-2.74.1.jar;C:\Users\Administrator\.m2\repository\com\google\api\gax-grpc\2.74.1\gax-grpc-2.74.1.jar;C:\Users\Administrator\.m2\repository\io\grpc\grpc-inprocess\1.76.2\grpc-inprocess-1.76.2.jar;C:\Users\Administrator\.m2\repository\io\grpc\grpc-alts\1.76.2\grpc-alts-1.76.2.jar;C:\Users\Administrator\.m2\repository\io\grpc\grpc-grpclb\1.76.2\grpc-grpclb-1.76.2.jar;C:\Users\Administrator\.m2\repository\org\conscrypt\conscrypt-openjdk-uber\2.5.2\conscrypt-openjdk-uber-2.5.2.jar;C:\Users\Administrator\.m2\repository\io\grpc\grpc-auth\1.76.2\grpc-auth-1.76.2.jar;C:\Users\Administrator\.m2\repository\io\opentelemetry\opentelemetry-context\1.55.0\opentelemetry-context-1.55.0.jar;C:\Users\Administrator\.m2\repository\io\opentelemetry\opentelemetry-common\1.55.0\opentelemetry-common-1.55.0.jar;C:\Users\Administrator\.m2\repository\com\google\api\grpc\proto-google-iam-v1\1.60.1\proto-google-iam-v1-1.60.1.jar;C:\Users\Administrator\.m2\repository\com\google\protobuf\protobuf-java\4.33.2\protobuf-java-4.33.2.jar;C:\Users\Administrator\.m2\repository\com\google\protobuf\protobuf-java-util\4.33.2\protobuf-java-util-4.33.2.jar;C:\Users\Administrator\.m2\repository\io\grpc\grpc-core\1.76.2\grpc-core-1.76.2.jar;C:\Users\Administrator\.m2\repository\com\google\android\annotations\4.1.1.4\annotations-4.1.1.4.jar;C:\Users\Administrator\.m2\repository\org\codehaus\mojo\animal-sniffer-annotations\1.24\animal-sniffer-annotations-1.24.jar;C:\Users\Administrator\.m2\repository\io\perfmark\perfmark-api\0.27.0\perfmark-api-0.27.0.jar;C:\Users\Administrator\.m2\repository\io\grpc\grpc-protobuf\1.76.2\grpc-protobuf-1.76.2.jar;C:\Users\Administrator\.m2\repository\io\grpc\grpc-protobuf-lite\1.76.2\grpc-protobuf-lite-1.76.2.jar;C:\Users\Administrator\.m2\repository\com\google\api\grpc\proto-google-common-protos\2.65.1\proto-google-common-protos-2.65.1.jar;C:\Users\Administrator\.m2\repository\org\threeten\threetenbp\1.7.0\threetenbp-1.7.0.jar;C:\Users\Administrator\.m2\repository\com\google\api\grpc\proto-google-cloud-storage-v2\2.63.0\proto-google-cloud-storage-v2-2.63.0.jar;C:\Users\Administrator\.m2\repository\com\google\api\grpc\grpc-google-cloud-storage-v2\2.63.0\grpc-google-cloud-storage-v2-2.63.0.jar;C:\Users\Administrator\.m2\repository\com\google\api\grpc\gapic-google-cloud-storage-v2\2.63.0\gapic-google-cloud-storage-v2-2.63.0.jar;C:\Users\Administrator\.m2\repository\io\opentelemetry\opentelemetry-sdk\1.55.0\opentelemetry-sdk-1.55.0.jar;C:\Users\Administrator\.m2\repository\io\opentelemetry\opentelemetry-sdk-trace\1.55.0\opentelemetry-sdk-trace-1.55.0.jar;C:\Users\Administrator\.m2\repository\io\opentelemetry\opentelemetry-sdk-logs\1.55.0\opentelemetry-sdk-logs-1.55.0.jar;C:\Users\Administrator\.m2\repository\io\grpc\grpc-opentelemetry\1.76.2\grpc-opentelemetry-1.76.2.jar;C:\Users\Administrator\.m2\repository\io\opentelemetry\opentelemetry-api\1.55.0\opentelemetry-api-1.55.0.jar;C:\Users\Administrator\.m2\repository\io\opentelemetry\opentelemetry-sdk-metrics\1.55.0\opentelemetry-sdk-metrics-1.55.0.jar;C:\Users\Administrator\.m2\repository\io\opentelemetry\opentelemetry-sdk-common\1.55.0\opentelemetry-sdk-common-1.55.0.jar;C:\Users\Administrator\.m2\repository\io\opentelemetry\opentelemetry-sdk-extension-autoconfigure-spi\1.55.0\opentelemetry-sdk-extension-autoconfigure-spi-1.55.0.jar;C:\Users\Administrator\.m2\repository\io\opentelemetry\semconv\opentelemetry-semconv\1.29.0-alpha\opentelemetry-semconv-1.29.0-alpha.jar;C:\Users\Administrator\.m2\repository\com\google\cloud\opentelemetry\exporter-metrics\0.33.0\exporter-metrics-0.33.0.jar;C:\Users\Administrator\.m2\repository\com\google\cloud\google-cloud-monitoring\3.52.0\google-cloud-monitoring-3.52.0.jar;C:\Users\Administrator\.m2\repository\com\google\api\grpc\proto-google-cloud-monitoring-v3\3.52.0\proto-google-cloud-monitoring-v3-3.52.0.jar;C:\Users\Administrator\.m2\repository\com\google\cloud\opentelemetry\shared-resourcemapping\0.33.0\shared-resourcemapping-0.33.0.jar;C:\Users\Administrator\.m2\repository\io\opentelemetry\contrib\opentelemetry-gcp-resources\1.37.0-alpha\opentelemetry-gcp-resources-1.37.0-alpha.jar;C:\Users\Administrator\.m2\repository\com\google\cloud\opentelemetry\detector-resources-support\0.33.0\detector-resources-support-0.33.0.jar;C:\Users\Administrator\.m2\repository\io\grpc\grpc-api\1.76.2\grpc-api-1.76.2.jar;C:\Users\Administrator\.m2\repository\io\grpc\grpc-netty-shaded\1.76.2\grpc-netty-shaded-1.76.2.jar;C:\Users\Administrator\.m2\repository\io\grpc\grpc-util\1.76.2\grpc-util-1.76.2.jar;C:\Users\Administrator\.m2\repository\io\grpc\grpc-stub\1.76.2\grpc-stub-1.76.2.jar;C:\Users\Administrator\.m2\repository\io\grpc\grpc-googleapis\1.76.2\grpc-googleapis-1.76.2.jar;C:\Users\Administrator\.m2\repository\io\grpc\grpc-xds\1.76.2\grpc-xds-1.76.2.jar;C:\Users\Administrator\.m2\repository\io\grpc\grpc-services\1.76.2\grpc-services-1.76.2.jar;C:\Users\Administrator\.m2\repository\com\google\re2j\re2j\1.8\re2j-1.8.jar;C:\Users\Administrator\.m2\repository\io\grpc\grpc-rls\1.76.2\grpc-rls-1.76.2.jar;C:\Users\Administrator\.m2\repository\com\google\cloud\google-cloud-firestore\3.37.0\google-cloud-firestore-3.37.0.jar;C:\Users\Administrator\.m2\repository\com\google\api\grpc\proto-google-cloud-firestore-v1\3.37.0\proto-google-cloud-firestore-v1-3.37.0.jar;C:\Users\Administrator\.m2\repository\com\google\cloud\proto-google-cloud-firestore-bundle-v1\3.37.0\proto-google-cloud-firestore-bundle-v1-3.37.0.jar;C:\Users\Administrator\.m2\repository\io\opentelemetry\instrumentation\opentelemetry-grpc-1.6\2.1.0-alpha\opentelemetry-grpc-1.6-2.1.0-alpha.jar;C:\Users\Administrator\.m2\repository\io\opentelemetry\instrumentation\opentelemetry-instrumentation-api\2.1.0\opentelemetry-instrumentation-api-2.1.0.jar;C:\Users\Administrator\.m2\repository\io\opentelemetry\opentelemetry-extension-incubator\1.35.0-alpha\opentelemetry-extension-incubator-1.35.0-alpha.jar;C:\Users\Administrator\.m2\repository\io\opentelemetry\instrumentation\opentelemetry-instrumentation-api-incubator\2.1.0-alpha\opentelemetry-instrumentation-api-incubator-2.1.0-alpha.jar;C:\Users\Administrator\.m2\repository\com\google\guava\guava\33.5.0-jre\guava-33.5.0-jre.jar;C:\Users\Administrator\.m2\repository\io\netty\netty-codec-http\4.2.12.Final\netty-codec-http-4.2.12.Final.jar;C:\Users\Administrator\.m2\repository\io\netty\netty-common\4.2.12.Final\netty-common-4.2.12.Final.jar;C:\Users\Administrator\.m2\repository\io\netty\netty-buffer\4.2.12.Final\netty-buffer-4.2.12.Final.jar;C:\Users\Administrator\.m2\repository\io\netty\netty-codec-base\4.2.12.Final\netty-codec-base-4.2.12.Final.jar;C:\Users\Administrator\.m2\repository\io\netty\netty-codec-compression\4.2.12.Final\netty-codec-compression-4.2.12.Final.jar;C:\Users\Administrator\.m2\repository\io\netty\netty-handler\4.2.12.Final\netty-handler-4.2.12.Final.jar;C:\Users\Administrator\.m2\repository\io\netty\netty-resolver\4.2.12.Final\netty-resolver-4.2.12.Final.jar;C:\Users\Administrator\.m2\repository\io\netty\netty-transport-native-unix-common\4.2.12.Final\netty-transport-native-unix-common-4.2.12.Final.jar;C:\Users\Administrator\.m2\repository\io\netty\netty-transport\4.2.12.Final\netty-transport-4.2.12.Final.jar;C:\Users\Administrator\.m2\repository\org\apache\httpcomponents\client5\httpclient5\5.5.2\httpclient5-5.5.2.jar;C:\Users\Administrator\.m2\repository\org\apache\httpcomponents\core5\httpcore5\5.3.6\httpcore5-5.3.6.jar;C:\Users\Administrator\.m2\repository\org\apache\httpcomponents\core5\httpcore5-h2\5.3.6\httpcore5-h2-5.3.6.jar;C:\Users\Administrator\.m2\repository\org\springframework\cloud\spring-cloud-gcp-data-spanner\1.2.8.RELEASE\spring-cloud-gcp-data-spanner-1.2.8.RELEASE.jar;C:\Users\Administrator\.m2\repository\com\google\cloud\google-cloud-spanner\3.1.1\google-cloud-spanner-3.1.1.jar;C:\Users\Administrator\.m2\repository\org\apache\commons\commons-lang3\3.19.0\commons-lang3-3.19.0.jar;C:\Users\Administrator\.m2\repository\com\google\api\grpc\grpc-google-common-protos\2.0.1\grpc-google-common-protos-2.0.1.jar;C:\Users\Administrator\.m2\repository\org\checkerframework\checker-compat-qual\2.5.5\checker-compat-qual-2.5.5.jar;C:\Users\Administrator\.m2\repository\io\opencensus\opencensus-contrib-grpc-util\0.24.0\opencensus-contrib-grpc-util-0.24.0.jar;C:\Users\Administrator\.m2\repository\com\google\api\grpc\proto-google-cloud-spanner-admin-instance-v1\3.1.1\proto-google-cloud-spanner-admin-instance-v1-3.1.1.jar;C:\Users\Administrator\.m2\repository\com\google\api\grpc\proto-google-cloud-spanner-v1\3.1.1\proto-google-cloud-spanner-v1-3.1.1.jar;C:\Users\Administrator\.m2\repository\com\google\api\grpc\proto-google-cloud-spanner-admin-database-v1\3.1.1\proto-google-cloud-spanner-admin-database-v1-3.1.1.jar;C:\Users\Administrator\.m2\repository\com\google\api\grpc\grpc-google-cloud-spanner-admin-instance-v1\3.1.1\grpc-google-cloud-spanner-admin-instance-v1-3.1.1.jar;C:\Users\Administrator\.m2\repository\com\google\api\grpc\grpc-google-cloud-spanner-v1\3.1.1\grpc-google-cloud-spanner-v1-3.1.1.jar;C:\Users\Administrator\.m2\repository\com\google\api\grpc\grpc-google-cloud-spanner-admin-database-v1\3.1.1\grpc-google-cloud-spanner-admin-database-v1-3.1.1.jar;C:\Users\Administrator\.m2\repository\org\springframework\data\spring-data-commons\4.0.5\spring-data-commons-4.0.5.jar;C:\Users\Administrator\.m2\repository\org\springframework\spring-context\7.0.7\spring-context-7.0.7.jar;C:\Users\Administrator\.m2\repository\org\springframework\spring-expression\7.0.7\spring-expression-7.0.7.jar;C:\Users\Administrator\.m2\repository\org\springframework\cloud\spring-cloud-gcp-core\1.2.8.RELEASE\spring-cloud-gcp-core-1.2.8.RELEASE.jar;C:\Users\Administrator\.m2\repository\org\springframework\spring-tx\7.0.7\spring-tx-7.0.7.jar;C:\Users\Administrator\.m2\repository\com\warrenstrange\googleauth\1.5.0\googleauth-1.5.0.jar;C:\Users\Administrator\.m2\repository\commons-codec\commons-codec\1.19.0\commons-codec-1.19.0.jar;C:\Users\Administrator\.m2\repository\org\apache\httpcomponents\httpclient\4.5.12\httpclient-4.5.12.jar;C:\Users\Administrator\.m2\repository\org\springdoc\springdoc-openapi-starter-webmvc-ui\2.5.0\springdoc-openapi-starter-webmvc-ui-2.5.0.jar;C:\Users\Administrator\.m2\repository\org\springdoc\springdoc-openapi-starter-webmvc-api\2.5.0\springdoc-openapi-starter-webmvc-api-2.5.0.jar;C:\Users\Administrator\.m2\repository\org\springdoc\springdoc-openapi-starter-common\2.5.0\springdoc-openapi-starter-common-2.5.0.jar;C:\Users\Administrator\.m2\repository\io\swagger\core\v3\swagger-core-jakarta\2.2.21\swagger-core-jakarta-2.2.21.jar;C:\Users\Administrator\.m2\repository\io\swagger\core\v3\swagger-annotations-jakarta\2.2.21\swagger-annotations-jakarta-2.2.21.jar;C:\Users\Administrator\.m2\repository\io\swagger\core\v3\swagger-models-jakarta\2.2.21\swagger-models-jakarta-2.2.21.jar;C:\Users\Administrator\.m2\repository\com\fasterxml\jackson\dataformat\jackson-dataformat-yaml\2.21.2\jackson-dataformat-yaml-2.21.2.jar;C:\Users\Administrator\.m2\repository\org\webjars\swagger-ui\5.13.0\swagger-ui-5.13.0.jar
Launcher Type: SUN_STANDARD

[Global flags]
     bool AOTAdapterCaching                        = false                                  {diagnostic} {ergonomic}
     bool AOTInvokeDynamicLinking                  = false                                  {diagnostic} {ergonomic}
     bool AOTRecordTraining                        = false                                  {diagnostic} {ergonomic}
     bool AOTReplayTraining                        = false                                  {diagnostic} {ergonomic}
     bool AOTStubCaching                           = false                                  {diagnostic} {ergonomic}
     intx CICompilerCount                          = 4                                         {product} {ergonomic}
     uint ConcGCThreads                            = 2                                         {product} {ergonomic}
     uint G1ConcRefinementThreads                  = 8                                         {product} {ergonomic}
     uint G1EagerReclaimRemSetThreshold            = 16                                   {experimental} {ergonomic}
   size_t G1HeapRegionSize                         = 2097152                                   {product} {ergonomic}
     uint G1RemSetArrayOfCardsEntries              = 16                                   {experimental} {ergonomic}
     uint G1RemSetHowlMaxNumBuckets                = 8                                    {experimental} {ergonomic}
     uint G1RemSetHowlNumBuckets                   = 8                                    {experimental} {ergonomic}
   size_t InitialHeapSize                          = 8388608                                   {product} {ergonomic}
     bool IntelJccErratumMitigation                = false                             {ARCH diagnostic} {ergonomic}
   size_t MarkStackSize                            = 4194304                                   {product} {ergonomic}
   size_t MarkStackSizeMax                         = 536870912                                 {product} {ergonomic}
   size_t MaxHeapSize                              = 4213178368                                {product} {ergonomic}
   size_t MaxNewSize                               = 2527068160                                {product} {ergonomic}
 uint64_t MaxRAM                                   = 16844550144                               {product} {ergonomic}
   size_t MinHeapDeltaBytes                        = 2097152                                   {product} {ergonomic}
   size_t MinHeapSize                              = 8388608                                   {product} {ergonomic}
   size_t NonNMethodCodeHeapSize                   = 4096                                   {pd product} {ergonomic}
   size_t NonProfiledCodeHeapSize                  = 0                                      {pd product} {ergonomic}
     bool ProfileInterpreter                       = false                                  {pd product} {command line}
   size_t ProfiledCodeHeapSize                     = 0                                      {pd product} {ergonomic}
   size_t SoftMaxHeapSize                          = 4213178368                             {manageable} {ergonomic}
     intx TieredStopAtLevel                        = 1                                         {product} {command line}
     bool UseCompressedOops                        = true                           {product lp64_product} {ergonomic}
     bool UseCondCardMark                          = true                                      {product} {ergonomic}
     bool UseFastUnorderedTimeStamps               = true                                 {experimental} {ergonomic}
     bool UseG1GC                                  = true                                      {product} {ergonomic}
     bool UseLargePagesIndividualAllocation        = false                                  {pd product} {ergonomic}
      int X86ICacheSync                            = 3                                 {ARCH diagnostic} {ergonomic}

Logging:
Log output configuration:
 #0: stdout all=warning uptime,level,tags foldmultilines=false
 #1: stderr all=off uptime,level,tags foldmultilines=false

Release file:
IMPLEMENTOR="Oracle Corporation" 
JAVA_RUNTIME_VERSION="26.0.1+8-34" 
JAVA_VERSION="26.0.1" 
JAVA_VERSION_DATE="2026-04-21" 
LIBC="default" 
MODULES="java.base java.compiler java.datatransfer java.xml java.prefs java.desktop java.instrument java.logging java.management java.security.sasl java.naming java.rmi java.management.rmi java.net.http java.scripting java.security.jgss java.transaction.xa java.sql java.sql.rowset java.xml.crypto java.se java.smartcardio jdk.accessibility jdk.internal.jvmstat jdk.attach jdk.charsets jdk.internal.opt jdk.zipfs jdk.compiler jdk.crypto.cryptoki jdk.crypto.ec jdk.crypto.mscapi jdk.dynalink jdk.internal.ed jdk.editpad jdk.internal.vm.ci jdk.graal.compiler jdk.graal.compiler.management jdk.hotspot.agent jdk.httpserver jdk.incubator.vector jdk.internal.le jdk.internal.md jdk.jartool jdk.javadoc jdk.jcmd jdk.management jdk.management.agent jdk.jconsole jdk.jdeps jdk.jdwp.agent jdk.jdi jdk.jfr jdk.jlink jdk.jpackage jdk.jshell jdk.jstatd jdk.localedata jdk.management.jfr jdk.naming.dns jdk.naming.rmi jdk.net jdk.nio.mapmode jdk.sctp jdk.security.auth jdk.security.jgss jdk.unsupported jdk.unsupported.desktop jdk.xml.dom" 
OS_ARCH="x86_64" 
OS_NAME="Windows" 
SOURCE=".:git:8fcde8268d22 open:git:fcc00fc4aee7" 

Environment Variables:
JAVA_HOME=C:\Program Files\Eclipse Adoptium\jdk-17.0.19.10-hotspot\
PATH=C:\Program Files\Common Files\Oracle\Java\javapath;C:\Program Files\Eclipse Adoptium\jdk-17.0.19.10-hotspot\bin;C:\Program Files (x86)\Common Files\Oracle\Java\java8path;C:\Program Files (x86)\Common Files\Oracle\Java\javapath;C:\Python314\Scripts\;C:\Python314\;C:\WINDOWS\system32;C:\WINDOWS;C:\WINDOWS\System32\Wbem;C:\WINDOWS\System32\WindowsPowerShell\v1.0\;C:\WINDOWS\System32\OpenSSH\;C:\Program Files\Git\cmd;C:\Program Files\nodejs\;C:\ProgramData\chocolatey\bin;C:\tools\php85;C:\ProgramData\ComposerSetup\bin;C:\Program Files\PuTTY\;C:\ZKBioTime\Python311;C:\ZKBioTime\Python311\Scripts;C:\ZKBioTime\Python311\Library\bin;C:\ZKBioTime\Python311\Lib\site-packages;C:\ZKBioTime\zkeco_dlls;C:\ZKBioTime\pgsql\bin;C:\ZKBioTime\tools\wkhtmltox\bin;C:\Users\Administrator\AppData\Local\Microsoft\WindowsApps;C:\Users\Administrator\AppData\Local\Programs\Microsoft VS Code\bin;C:\app\flutter\bin;C:\Users\Administrator\AppData\Roaming\npm;C:\Program Files\cmdline-tools\bin;C:\Program Files\php;C:\Users\Administrator\.local\bin;C:\Users\Administrator\AppData\Local\Programs\Warp\bin;C:\Users\Administrator\AppData\Roaming\Composer\vendor\bin;C:\Users\Administrator\AppData\Roaming\Python\Python314\Scripts;C:\Users\Administrator\AppData\Local\Microsoft\WinGet\Packages\Ookla.Speedtest.CLI_Microsoft.Winget.Source_8wekyb3d8bbwe;C:\Program Files\Java\jdk-26.0.1\bin;C:\Users\Administrator\AppData\Local\Pub\Cache\bin;;C:\Users\Administrator\AppData\Local\Programs\DockerDesktop\resources\bin
USERNAME=Administrator
OS=Windows_NT
PROCESSOR_IDENTIFIER=Intel64 Family 6 Model 140 Stepping 1, GenuineIntel
TMP=C:\Users\ADMINI~1\AppData\Local\Temp
TEMP=C:\Users\ADMINI~1\AppData\Local\Temp




Compilation memory statistics disabled.

Periodic native trim disabled

---------------  S Y S T E M  ---------------

OS:
 Windows 11 , 64 bit Build 26100 (10.0.26100.8875)
OS uptime: 4 days 7:41 hours
Hyper-V role detected

CPU: total 8 (initial active 8) (4 cores per cpu, 2 threads per core) family 6 model 140 stepping 1 microcode 0xbe, cx8, cmov, fxsr, ht, mmx, 3dnowpref, sse, sse2, sse3, ssse3, sse4.1, sse4.2, popcnt, lzcnt, tsc, tscinvbit, avx, avx2, aes, erms, clmul, bmi1, bmi2, adx, avx512f, avx512dq, avx512cd, avx512bw, avx512vl, sha, fma, vzeroupper, avx512_vpopcntdq, avx512_vpclmulqdq, avx512_vaes, avx512_vnni, clflush, clflushopt, clwb, avx512_vbmi2, avx512_vbmi, hv, rdtscp, rdpid, fsrm, gfni, avx512_bitalg, f16c, cet_ibt, cet_ss, avx512_ifma
Processor Information for the first 8 processors :
  Max Mhz: 2995, Current Mhz: 2995, Mhz Limit: 2995

Memory: 4k page, system-wide physical 16064M (706M free)
TotalPageFile size 51986M (AvailPageFile size 51M)
current process WorkingSet (physical memory assigned to process): 344M, peak: 453M
current process commit charge ("private bytes"): 482M, peak: 803M

vm_info: Java HotSpot(TM) 64-Bit Server VM (26.0.1+8-34) for windows-amd64 JRE (26.0.1+8-34), built on 2026-03-10T17:24:10Z with MS VC++ 17.13 (VS2022)

END.
